source_file,source_name,month,document_type,invoice_number,invoice_date,page,product_code,description,description_note,size,order_unit,quantity,net_price_per_order_unit,goods_value,vat_rate
/Users/xue/Downloads/Bar drinks invoices 2026.1-6/2026.01 Tennet/1.09 1059.02 3574820_77316593.pdf,1.09 1059.02 3574820_77316593.pdf,2026.01,invoice,3574820,2026-01-09,1,090425,T.LAGER 11G KEG,small container chg 70p incl,11G,EA,1.0,123.66,123.66,20.0
/Users/xue/Downloads/Bar drinks invoices 2026.1-6/2026.01 Tennet/1.09 1059.02 3574820_77316593.pdf,1.09 1059.02 3574820_77316593.pdf,2026.01,invoice,3574820,2026-01-09,1,400745,Caledonia Best 30L Keg,,30L,EA,1.0,52.65,52.65,20.0
/Users/xue/Downloads/Bar drinks invoices 2026.1-6/2026.01 Tennet/1.09 1059.02 3574820_77316593.pdf,1.09 1059.02 3574820_77316593.pdf,2026.01,invoice,3574820,2026-01-09,1,400751,Menabrea 4.8% 50L Keg,,50L,EA,1.0,165.19,165.19,20.0
/Users/xue/Downloads/Bar drinks invoices 2026.1-6/2026.01 Tennet/1.09 1059.02 3574820_77316593.pdf,1.09 1059.02 3574820_77316593.pdf,2026.01,invoice,3574820,2026-01-09,1,GRE004,GREY GOOSE VODKA 6X70CL,,,EA,1.0,31.39,31.39,20.0
/Users/xue/Downloads/Bar drinks invoices 2026.1-6/2026.01 Tennet/1.09 1059.02 3574820_77316593.pdf,1.09 1059.02 3574820_77316593.pdf,2026.01,invoice,3574820,2026-01-09,1,J2O003,BVC J20 ORA+PASS 24X275ML NRB,,,CS,1.0,20.66,20.66,20.0
/Users/xue/Downloads/Bar drinks invoices 2026.1-6/2026.01 Tennet/1.09 1059.02 3574820_77316593.pdf,1.09 1059.02 3574820_77316593.pdf,2026.01,invoice,3574820,2026-01-09,1,KOP008,KOPPARB STRAW/LIME 15X500 NRB,,,CS,2.0,25.55,51.1,20.0
/Users/xue/Downloads/Bar drinks invoices 2026.1-6/2026.01 Tennet/1.09 1059.02 3574820_77316593.pdf,1.09 1059.02 3574820_77316593.pdf,2026.01,invoice,3574820,2026-01-09,1,KOP018,KOPPARB S/LIME ALC FREE 8X500,,,CS,2.0,11.13,22.26,20.0
/Users/xue/Downloads/Bar drinks invoices 2026.1-6/2026.01 Tennet/1.09 1059.02 3574820_77316593.pdf,1.09 1059.02 3574820_77316593.pdf,2026.01,invoice,3574820,2026-01-09,1,PEP023,DIET PEPSI 24 X 200ML NRB,,,CS,2.0,12.37,24.74,20.0
/Users/xue/Downloads/Bar drinks invoices 2026.1-6/2026.01 Tennet/1.09 1059.02 3574820_77316593.pdf,1.09 1059.02 3574820_77316593.pdf,2026.01,invoice,3574820,2026-01-09,1,SEV006,7 UP FREE 24X330ML NRB,SHARED ITEM,,CS,1.0,17.69,17.69,20.0
/Users/xue/Downloads/Bar drinks invoices 2026.1-6/2026.01 Tennet/1.09 1059.02 3574820_77316593.pdf,1.09 1059.02 3574820_77316593.pdf,2026.01,invoice,3574820,2026-01-09,1,T00033841,BORGO TESIS PINOT GRIGIO 75x12,SHARED ITEM,,EA,22.0,7.21,158.62,20.0
/Users/xue/Downloads/Bar drinks invoices 2026.1-6/2026.01 Tennet/1.09 1059.02 3574820_77316593.pdf,1.09 1059.02 3574820_77316593.pdf,2026.01,invoice,3574820,2026-01-09,1,T00041945,EL CUYO MALBEC 75X6,SHARED ITEM,,EA,8.0,6.36,50.88,20.0
/Users/xue/Downloads/Bar drinks invoices 2026.1-6/2026.01 Tennet/1.09 1059.02 3574820_77316593.pdf,1.09 1059.02 3574820_77316593.pdf,2026.01,invoice,3574820,2026-01-09,1,T00044657,PETAL AND STEM SAUV BL 75x6,All Business Units,,EA,16.0,7.4,118.4,20.0
/Users/xue/Downloads/Bar drinks invoices 2026.1-6/2026.01 Tennet/1.09 1059.02 3574820_77316593.pdf,1.09 1059.02 3574820_77316593.pdf,2026.01,invoice,3574820,2026-01-09,1,T00046710,SANTA RITA 8KM SAUVB 12.5%75X6,MCW & BWL SHARED,,EA,2.0,5.72,11.44,20.0
/Users/xue/Downloads/Bar drinks invoices 2026.1-6/2026.01 Tennet/1.09 1059.02 3574820_77316593.pdf,1.09 1059.02 3574820_77316593.pdf,2026.01,invoice,3574820,2026-01-09,2,T00046734,PEPSI NRB 200x24,,,CS,2.0,12.07,24.14,20.0
/Users/xue/Downloads/Bar drinks invoices 2026.1-6/2026.01 Tennet/1.09 1059.02 3574820_77316593.pdf,1.09 1059.02 3574820_77316593.pdf,2026.01,invoice,3574820,2026-01-09,2,T00048153,HIGHLAND SPRING STILL 330X24,All Business Units,,CS,1.0,9.7,9.7,20.0
/Users/xue/Downloads/Bar drinks invoices 2026.1-6/2026.02 Tennet/2.06 1371.43 3594195_77486743.pdf,2.06 1371.43 3594195_77486743.pdf,2026.02,invoice,3594195,2026-02-06,1,090425,T.LAGER 11G KEG,small container chg 70p incl,11G,EA,1.0,125.04,125.04,20.0
/Users/xue/Downloads/Bar drinks invoices 2026.1-6/2026.02 Tennet/2.06 1371.43 3594195_77486743.pdf,2.06 1371.43 3594195_77486743.pdf,2026.02,invoice,3594195,2026-02-06,1,400751,Menabrea 4.8% 50L Keg,,50L,EA,1.0,166.84,166.84,20.0
/Users/xue/Downloads/Bar drinks invoices 2026.1-6/2026.02 Tennet/2.06 1371.43 3594195_77486743.pdf,2.06 1371.43 3594195_77486743.pdf,2026.02,invoice,3594195,2026-02-06,1,BAC003,BACARDI WHITE RUM 6X70CL,,,EA,1.0,14.89,14.89,20.0
/Users/xue/Downloads/Bar drinks invoices 2026.1-6/2026.02 Tennet/2.06 1371.43 3594195_77486743.pdf,2.06 1371.43 3594195_77486743.pdf,2026.02,invoice,3594195,2026-02-06,1,BLAC06,J.W. BLACK LABEL 6X70CL,,,EA,1.0,25.37,25.37,20.0
/Users/xue/Downloads/Bar drinks invoices 2026.1-6/2026.02 Tennet/2.06 1371.43 3594195_77486743.pdf,2.06 1371.43 3594195_77486743.pdf,2026.02,invoice,3594195,2026-02-06,1,DIE008,IRN BRU DIET NRB 330X24,,,CS,1.0,19.49,19.49,20.0
/Users/xue/Downloads/Bar drinks invoices 2026.1-6/2026.02 Tennet/2.06 1371.43 3594195_77486743.pdf,2.06 1371.43 3594195_77486743.pdf,2026.02,invoice,3594195,2026-02-06,1,GLA001,GLAYVA WHISKY LIQ 70cl x6,,,EA,1.0,27.17,27.17,20.0
/Users/xue/Downloads/Bar drinks invoices 2026.1-6/2026.02 Tennet/2.06 1371.43 3594195_77486743.pdf,2.06 1371.43 3594195_77486743.pdf,2026.02,invoice,3594195,2026-02-06,1,GUI002,GUINNESS 50L KEG,,50L,EA,2.0,168.43,336.86,20.0
/Users/xue/Downloads/Bar drinks invoices 2026.1-6/2026.02 Tennet/2.06 1371.43 3594195_77486743.pdf,2.06 1371.43 3594195_77486743.pdf,2026.02,invoice,3594195,2026-02-06,1,HIG015,HIGHLAND PARK 12YO 6X70,,,EA,1.0,35.01,35.01,20.0
/Users/xue/Downloads/Bar drinks invoices 2026.1-6/2026.02 Tennet/2.06 1371.43 3594195_77486743.pdf,2.06 1371.43 3594195_77486743.pdf,2026.02,invoice,3594195,2026-02-06,1,IRN013,IRN BRU NRB 24 X 330ML NRB,,,CS,1.0,19.49,19.49,20.0
/Users/xue/Downloads/Bar drinks invoices 2026.1-6/2026.02 Tennet/2.06 1371.43 3594195_77486743.pdf,2.06 1371.43 3594195_77486743.pdf,2026.02,invoice,3594195,2026-02-06,1,JAM002,JAMESONS 6X1.5LTR,,,EA,1.0,43.95,43.95,20.0
/Users/xue/Downloads/Bar drinks invoices 2026.1-6/2026.02 Tennet/2.06 1371.43 3594195_77486743.pdf,2.06 1371.43 3594195_77486743.pdf,2026.02,invoice,3594195,2026-02-06,1,KOP018,KOPPARB S/LIME ALC FREE 8X500,,,CS,1.0,11.13,11.13,20.0
/Users/xue/Downloads/Bar drinks invoices 2026.1-6/2026.02 Tennet/2.06 1371.43 3594195_77486743.pdf,2.06 1371.43 3594195_77486743.pdf,2026.02,invoice,3594195,2026-02-06,1,PEP023,DIET PEPSI 24 X 200ML NRB,,,CS,1.0,12.37,12.37,20.0
/Users/xue/Downloads/Bar drinks invoices 2026.1-6/2026.02 Tennet/2.06 1371.43 3594195_77486743.pdf,2.06 1371.43 3594195_77486743.pdf,2026.02,invoice,3594195,2026-02-06,1,T00033841,BORGO TESIS PINOT GRIGIO 75x12,SHARED ITEM,,EA,8.0,7.31,58.48,20.0
/Users/xue/Downloads/Bar drinks invoices 2026.1-6/2026.02 Tennet/2.06 1371.43 3594195_77486743.pdf,2.06 1371.43 3594195_77486743.pdf,2026.02,invoice,3594195,2026-02-06,1,T00046001,MAGLIA ROSA BLUSH 10.5% 75X12,SHARED ITEM,,EA,10.0,5.0,50.0,20.0
/Users/xue/Downloads/Bar drinks invoices 2026.1-6/2026.02 Tennet/2.06 1371.43 3594195_77486743.pdf,2.06 1371.43 3594195_77486743.pdf,2026.02,invoice,3594195,2026-02-06,1,T00046200,WHISP HILLS WHT ZINF 8% 75X6,SHARED ITEM,,EA,30.0,3.99,119.7,20.0
/Users/xue/Downloads/Bar drinks invoices 2026.1-6/2026.02 Tennet/2.06 1371.43 3594195_77486743.pdf,2.06 1371.43 3594195_77486743.pdf,2026.02,invoice,3594195,2026-02-06,2,T00048728,R WHITES SUGAR FREE BIB 7LX1,All Business Units,,CS,1.0,44.23,44.23,20.0
/Users/xue/Downloads/Bar drinks invoices 2026.1-6/2026.02 Tennet/2.06 1371.43 3594195_77486743.pdf,2.06 1371.43 3594195_77486743.pdf,2026.02,invoice,3594195,2026-02-06,3,FUN078,FUNKIN PUREE STRAWBER 5X1KG CS,,,CS,1.0,39.4,39.4,
/Users/xue/Downloads/Bar drinks invoices 2026.1-6/2026.02 Tennet/2.20 2199.41 3604367_77576034.pdf,2.20 2199.41 3604367_77576034.pdf,2026.02,invoice,3604367,2026-02-20,1,090425,T.LAGER 11G KEG,small container chg 70p incl,11G,EA,2.0,125.04,250.08,20.0
/Users/xue/Downloads/Bar drinks invoices 2026.1-6/2026.02 Tennet/2.20 2199.41 3604367_77576034.pdf,2.20 2199.41 3604367_77576034.pdf,2026.02,invoice,3604367,2026-02-20,1,400745,Caledonia Best 30L Keg,,30L,EA,2.0,52.95,105.89,20.0
/Users/xue/Downloads/Bar drinks invoices 2026.1-6/2026.02 Tennet/2.20 2199.41 3604367_77576034.pdf,2.20 2199.41 3604367_77576034.pdf,2026.02,invoice,3604367,2026-02-20,1,400751,Menabrea 4.8% 50L Keg,,50L,EA,2.0,166.85,333.69,20.0
/Users/xue/Downloads/Bar drinks invoices 2026.1-6/2026.02 Tennet/2.20 2199.41 3604367_77576034.pdf,2.20 2199.41 3604367_77576034.pdf,2026.02,invoice,3604367,2026-02-20,1,80000672,Menabrea Bionda 0% 24x330ml,,,CS,1.0,17.99,17.99,20.0
/Users/xue/Downloads/Bar drinks invoices 2026.1-6/2026.02 Tennet/2.20 2199.41 3604367_77576034.pdf,2.20 2199.41 3604367_77576034.pdf,2026.02,invoice,3604367,2026-02-20,1,BAC003,BACARDI WHITE RUM 6X70CL,,,EA,1.0,14.89,14.89,20.0
/Users/xue/Downloads/Bar drinks invoices 2026.1-6/2026.02 Tennet/2.20 2199.41 3604367_77576034.pdf,2.20 2199.41 3604367_77576034.pdf,2026.02,invoice,3604367,2026-02-20,1,BOM001,BOMBAY SAPPHIRE GIN 70cl x6,,,EA,1.0,17.29,17.29,20.0
/Users/xue/Downloads/Bar drinks invoices 2026.1-6/2026.02 Tennet/2.20 2199.41 3604367_77576034.pdf,2.20 2199.41 3604367_77576034.pdf,2026.02,invoice,3604367,2026-02-20,1,BRE017,BREWDOG PUNK IPA NRB 12X330ML,,,CS,1.0,19.55,19.55,20.0
/Users/xue/Downloads/Bar drinks invoices 2026.1-6/2026.02 Tennet/2.20 2199.41 3604367_77576034.pdf,2.20 2199.41 3604367_77576034.pdf,2026.02,invoice,3604367,2026-02-20,1,COR008,Corona Beer 24x330ml NRB ABI,,,CS,1.0,25.39,25.39,20.0
/Users/xue/Downloads/Bar drinks invoices 2026.1-6/2026.02 Tennet/2.20 2199.41 3604367_77576034.pdf,2.20 2199.41 3604367_77576034.pdf,2026.02,invoice,3604367,2026-02-20,1,GUI002,GUINNESS 50L KEG,,50L,EA,1.0,168.43,168.43,20.0
/Users/xue/Downloads/Bar drinks invoices 2026.1-6/2026.02 Tennet/2.20 2199.41 3604367_77576034.pdf,2.20 2199.41 3604367_77576034.pdf,2026.02,invoice,3604367,2026-02-20,1,HEN009,HENDRICKS GIN 6X70CL,,,EA,1.0,25.96,25.96,20.0
/Users/xue/Downloads/Bar drinks invoices 2026.1-6/2026.02 Tennet/2.20 2199.41 3604367_77576034.pdf,2.20 2199.41 3604367_77576034.pdf,2026.02,invoice,3604367,2026-02-20,1,KOP008,KOPPARB STRAW/LIME 15X500 NRB,,,CS,2.0,25.83,51.66,20.0
/Users/xue/Downloads/Bar drinks invoices 2026.1-6/2026.02 Tennet/2.20 2199.41 3604367_77576034.pdf,2.20 2199.41 3604367_77576034.pdf,2026.02,invoice,3604367,2026-02-20,1,KOP018,KOPPARB S/LIME ALC FREE 8X500,,,CS,1.0,11.13,11.13,20.0
/Users/xue/Downloads/Bar drinks invoices 2026.1-6/2026.02 Tennet/2.20 2199.41 3604367_77576034.pdf,2.20 2199.41 3604367_77576034.pdf,2026.02,invoice,3604367,2026-02-20,1,LON016,L.E GINGER BEER 24X200ML,,,CS,1.0,17.76,17.76,20.0
/Users/xue/Downloads/Bar drinks invoices 2026.1-6/2026.02 Tennet/2.20 2199.41 3604367_77576034.pdf,2.20 2199.41 3604367_77576034.pdf,2026.02,invoice,3604367,2026-02-20,1,OVD002,O.V.D. RUM 6X70CL,,,EA,1.0,19.08,19.08,20.0
/Users/xue/Downloads/Bar drinks invoices 2026.1-6/2026.02 Tennet/2.20 2199.41 3604367_77576034.pdf,2.20 2199.41 3604367_77576034.pdf,2026.02,invoice,3604367,2026-02-20,1,PEP023,DIET PEPSI 24 X 200ML NRB,,,CS,1.0,12.37,12.37,20.0
/Users/xue/Downloads/Bar drinks invoices 2026.1-6/2026.02 Tennet/2.20 2199.41 3604367_77576034.pdf,2.20 2199.41 3604367_77576034.pdf,2026.02,invoice,3604367,2026-02-20,1,POS035,BARRS IRN BRU RS BIB 10L,,,EA,1.0,72.75,72.75,20.0
/Users/xue/Downloads/Bar drinks invoices 2026.1-6/2026.02 Tennet/2.20 2199.41 3604367_77576034.pdf,2.20 2199.41 3604367_77576034.pdf,2026.02,invoice,3604367,2026-02-20,1,SMIR03,Smirnoff - Red 6x70cl,,,EA,6.0,12.29,73.74,20.0
/Users/xue/Downloads/Bar drinks invoices 2026.1-6/2026.02 Tennet/2.20 2199.41 3604367_77576034.pdf,2.20 2199.41 3604367_77576034.pdf,2026.02,invoice,3604367,2026-02-20,1,SOU001,SOUTHERN COMF 70cl x6,,,EA,1.0,14.49,14.49,20.0
/Users/xue/Downloads/Bar drinks invoices 2026.1-6/2026.02 Tennet/2.20 2199.41 3604367_77576034.pdf,2.20 2199.41 3604367_77576034.pdf,2026.02,invoice,3604367,2026-02-20,2,T00029324,CASA ALBALI VERDJ/SAUV 75X6,SHARED ITEM,,EA,10.0,5.78,57.8,20.0
/Users/xue/Downloads/Bar drinks invoices 2026.1-6/2026.02 Tennet/2.20 2199.41 3604367_77576034.pdf,2.20 2199.41 3604367_77576034.pdf,2026.02,invoice,3604367,2026-02-20,2,T00029357,DA LUCA PROSECCO 75X6,SHARED ITEM,,EA,6.0,7.86,47.16,20.0
/Users/xue/Downloads/Bar drinks invoices 2026.1-6/2026.02 Tennet/2.20 2199.41 3604367_77576034.pdf,2.20 2199.41 3604367_77576034.pdf,2026.02,invoice,3604367,2026-02-20,2,T00033841,BORGO TESIS PINOT GRIGIO 75x12,SHARED ITEM,,EA,12.0,7.31,87.72,20.0
/Users/xue/Downloads/Bar drinks invoices 2026.1-6/2026.02 Tennet/2.20 2199.41 3604367_77576034.pdf,2.20 2199.41 3604367_77576034.pdf,2026.02,invoice,3604367,2026-02-20,2,T00041945,EL CUYO MALBEC 75X6,SHARED ITEM,,EA,12.0,6.47,77.64,20.0
/Users/xue/Downloads/Bar drinks invoices 2026.1-6/2026.02 Tennet/2.20 2199.41 3604367_77576034.pdf,2.20 2199.41 3604367_77576034.pdf,2026.02,invoice,3604367,2026-02-20,2,T00044132,TANQUERAY LONDN DRY 41.3% 70X6,ALL BUSINESS UNITS,,EA,1.0,16.97,16.97,20.0
/Users/xue/Downloads/Bar drinks invoices 2026.1-6/2026.02 Tennet/2.20 2199.41 3604367_77576034.pdf,2.20 2199.41 3604367_77576034.pdf,2026.02,invoice,3604367,2026-02-20,2,T00045360,BRITVIC HALO R WHITE BASE 7LX1,ALL BUSINESS UNITS,,EA,1.0,61.75,61.75,20.0
/Users/xue/Downloads/Bar drinks invoices 2026.1-6/2026.02 Tennet/2.20 2199.41 3604367_77576034.pdf,2.20 2199.41 3604367_77576034.pdf,2026.02,invoice,3604367,2026-02-20,2,T00045954,CORTE VIGNA PG 10.5% 75X12,SHARED ITEM,,EA,4.0,5.01,20.04,20.0
/Users/xue/Downloads/Bar drinks invoices 2026.1-6/2026.02 Tennet/2.20 2199.41 3604367_77576034.pdf,2.20 2199.41 3604367_77576034.pdf,2026.02,invoice,3604367,2026-02-20,2,T00046200,WHISP HILLS WHT ZINF 8% 75X6,SHARED ITEM,,EA,6.0,3.99,23.94,20.0
/Users/xue/Downloads/Bar drinks invoices 2026.1-6/2026.02 Tennet/2.20 2199.41 3604367_77576034.pdf,2.20 2199.41 3604367_77576034.pdf,2026.02,invoice,3604367,2026-02-20,2,T00046586,GORDONS PINK 35% 70X6,All Business Units,,EA,1.0,13.29,13.29,20.0
/Users/xue/Downloads/Bar drinks invoices 2026.1-6/2026.02 Tennet/2.20 2199.41 3604367_77576034.pdf,2.20 2199.41 3604367_77576034.pdf,2026.02,invoice,3604367,2026-02-20,2,T00046734,PEPSI NRB 200x24,,,CS,1.0,12.07,12.07,20.0
/Users/xue/Downloads/Bar drinks invoices 2026.1-6/2026.02 Tennet/2.20 2199.41 3604367_77576034.pdf,2.20 2199.41 3604367_77576034.pdf,2026.02,invoice,3604367,2026-02-20,3,T00047414,LA CAMPAGNE CHARDONNAY 75x6,Shared Sku,,EA,10.0,6.06,60.6,20.0
/Users/xue/Downloads/Bar drinks invoices 2026.1-6/2026.02 Tennet/2.20 2199.41 3604367_77576034.pdf,2.20 2199.41 3604367_77576034.pdf,2026.02,invoice,3604367,2026-02-20,3,T00047689,FAMOUS GROUSE WHISKY 70X6,ALL BUSINESS UNITS,,EA,1.0,15.62,15.62,20.0
/Users/xue/Downloads/Bar drinks invoices 2026.1-6/2026.02 Tennet/2.20 2199.41 3604367_77576034.pdf,2.20 2199.41 3604367_77576034.pdf,2026.02,invoice,3604367,2026-02-20,3,T00048731,PEPSI MAX BIB 7LX1,All Business Units,,CS,1.0,54.19,54.19,20.0
/Users/xue/Downloads/Bar drinks invoices 2026.1-6/2026.02 Tennet/2.20 2199.41 3604367_77576034.pdf,2.20 2199.41 3604367_77576034.pdf,2026.02,invoice,3604367,2026-02-20,3,TIA001,TIA MARIA 20% 70cl x6,,,EA,2.0,15.95,31.9,20.0
/Users/xue/Downloads/Bar drinks invoices 2026.1-6/2026.02 Tennet/2.27 905.11 3608751.pdf,2.27 905.11 3608751.pdf,2026.02,invoice,3608751,2026-02-27,1,400745,Caledonia Best 30L Keg,,30L,EA,1.0,52.94,52.94,20.0
/Users/xue/Downloads/Bar drinks invoices 2026.1-6/2026.02 Tennet/2.27 905.11 3608751.pdf,2.27 905.11 3608751.pdf,2026.02,invoice,3608751,2026-02-27,1,80000142,MAGNERS ORIG 24x330ml NRB,,,CS,2.0,18.87,37.74,20.0
/Users/xue/Downloads/Bar drinks invoices 2026.1-6/2026.02 Tennet/2.27 905.11 3608751.pdf,2.27 905.11 3608751.pdf,2026.02,invoice,3608751,2026-02-27,1,ANT002,ANTICA SAMBUCA 70cl x6,,,EA,3.0,14.43,43.29,20.0
/Users/xue/Downloads/Bar drinks invoices 2026.1-6/2026.02 Tennet/2.27 905.11 3608751.pdf,2.27 905.11 3608751.pdf,2026.02,invoice,3608751,2026-02-27,1,ARC001,ARCHERS 18% 70cl x6,,,EA,1.0,13.13,13.13,20.0
/Users/xue/Downloads/Bar drinks invoices 2026.1-6/2026.02 Tennet/2.27 905.11 3608751.pdf,2.27 905.11 3608751.pdf,2026.02,invoice,3608751,2026-02-27,1,BAC003,BACARDI WHITE RUM 6X70CL,,,EA,1.0,14.89,14.89,20.0
/Users/xue/Downloads/Bar drinks invoices 2026.1-6/2026.02 Tennet/2.27 905.11 3608751.pdf,2.27 905.11 3608751.pdf,2026.02,invoice,3608751,2026-02-27,1,BAI003,BAILEYS IRISH CRM 1.5L x6,,,EA,1.0,26.76,26.76,20.0
/Users/xue/Downloads/Bar drinks invoices 2026.1-6/2026.02 Tennet/2.27 905.11 3608751.pdf,2.27 905.11 3608751.pdf,2026.02,invoice,3608751,2026-02-27,1,BLA012,BLACK BOTTLE WSKY 70cl x6,,,EA,1.0,17.9,17.9,20.0
/Users/xue/Downloads/Bar drinks invoices 2026.1-6/2026.02 Tennet/2.27 905.11 3608751.pdf,2.27 905.11 3608751.pdf,2026.02,invoice,3608751,2026-02-27,1,COU002,COURVOISIER VS 6X70CL,,,EA,1.0,24.04,24.04,20.0
/Users/xue/Downloads/Bar drinks invoices 2026.1-6/2026.02 Tennet/2.27 905.11 3608751.pdf,2.27 905.11 3608751.pdf,2026.02,invoice,3608751,2026-02-27,1,GLE086,GLEN MORAY CLASSIC 6X70CL,,,EA,1.0,21.04,21.04,20.0
/Users/xue/Downloads/Bar drinks invoices 2026.1-6/2026.02 Tennet/2.27 905.11 3608751.pdf,2.27 905.11 3608751.pdf,2026.02,invoice,3608751,2026-02-27,1,JAC001,JACK DANIELS 70cl x6,,,EA,2.0,18.99,37.98,20.0
/Users/xue/Downloads/Bar drinks invoices 2026.1-6/2026.02 Tennet/2.27 905.11 3608751.pdf,2.27 905.11 3608751.pdf,2026.02,invoice,3608751,2026-02-27,1,KOP018,KOPPARB S/LIME ALC FREE 8X500,,,CS,1.0,11.13,11.13,20.0
/Users/xue/Downloads/Bar drinks invoices 2026.1-6/2026.02 Tennet/2.27 905.11 3608751.pdf,2.27 905.11 3608751.pdf,2026.02,invoice,3608751,2026-02-27,1,KRA001,KRAKEN SPICED DARK RUM 6X70CL,,,EA,1.0,20.49,20.49,20.0
/Users/xue/Downloads/Bar drinks invoices 2026.1-6/2026.02 Tennet/2.27 905.11 3608751.pdf,2.27 905.11 3608751.pdf,2026.02,invoice,3608751,2026-02-27,1,MAR003,MARTELL VS 70cl x6,,,EA,1.0,26.71,26.71,20.0
/Users/xue/Downloads/Bar drinks invoices 2026.1-6/2026.02 Tennet/2.27 905.11 3608751.pdf,2.27 905.11 3608751.pdf,2026.02,invoice,3608751,2026-02-27,1,OVD002,O.V.D. RUM 6X70CL,,,EA,1.0,19.08,19.08,20.0
/Users/xue/Downloads/Bar drinks invoices 2026.1-6/2026.02 Tennet/2.27 905.11 3608751.pdf,2.27 905.11 3608751.pdf,2026.02,invoice,3608751,2026-02-27,1,PEP023,DIET PEPSI 24 X 200ML NRB,,,CS,1.0,12.37,12.37,20.0
/Users/xue/Downloads/Bar drinks invoices 2026.1-6/2026.02 Tennet/2.27 905.11 3608751.pdf,2.27 905.11 3608751.pdf,2026.02,invoice,3608751,2026-02-27,1,RED009,RED BULL CAN 24 X 250ML CAN,,,CS,1.0,26.61,26.61,20.0
/Users/xue/Downloads/Bar drinks invoices 2026.1-6/2026.02 Tennet/2.27 905.11 3608751.pdf,2.27 905.11 3608751.pdf,2026.02,invoice,3608751,2026-02-27,1,SMIR03,Smirnoff - Red 6x70cl,,,EA,12.0,12.29,147.48,20.0
/Users/xue/Downloads/Bar drinks invoices 2026.1-6/2026.02 Tennet/2.27 905.11 3608751.pdf,2.27 905.11 3608751.pdf,2026.02,invoice,3608751,2026-02-27,1,T00033841,BORGO TESIS PINOT GRIGIO 75x12,SHARED ITEM,,EA,12.0,7.31,87.72,20.0
/Users/xue/Downloads/Bar drinks invoices 2026.1-6/2026.02 Tennet/2.27 905.11 3608751.pdf,2.27 905.11 3608751.pdf,2026.02,invoice,3608751,2026-02-27,2,T00035765,ALMA MORA RESERVE MALBEC 75X6,SHARED ITEM,,EA,6.0,7.91,47.46,20.0
/Users/xue/Downloads/Bar drinks invoices 2026.1-6/2026.02 Tennet/2.27 905.11 3608751.pdf,2.27 905.11 3608751.pdf,2026.02,invoice,3608751,2026-02-27,2,T00046437,GLENMORANGIE ORIG 12 YO 70X6,ALL BUSINESS UNITS,,EA,1.0,28.1,28.1,20.0
/Users/xue/Downloads/Bar drinks invoices 2026.1-6/2026.02 Tennet/2.27 905.11 3608751.pdf,2.27 905.11 3608751.pdf,2026.02,invoice,3608751,2026-02-27,2,T00046734,PEPSI NRB 200x24,,,CS,1.0,12.07,12.07,20.0
/Users/xue/Downloads/Bar drinks invoices 2026.1-6/2026.02 Tennet/2.27 905.11 3608751.pdf,2.27 905.11 3608751.pdf,2026.02,invoice,3608751,2026-02-27,2,T00047689,FAMOUS GROUSE WHISKY 70X6,ALL BUSINESS UNITS,,EA,1.0,15.62,15.62,20.0
/Users/xue/Downloads/Bar drinks invoices 2026.1-6/2026.02 Tennet/2.27 905.11 3608751.pdf,2.27 905.11 3608751.pdf,2026.02,invoice,3608751,2026-02-27,2,T00048153,HIGHLAND SPRING STILL 330X24,All Business Units,,CS,1.0,9.7,9.7,20.0
/Users/xue/Downloads/Bar drinks invoices 2026.1-6/2026.03 Tennet/3.13 1912.51 3621312_77713510.pdf,3.13 1912.51 3621312_77713510.pdf,2026.03,invoice,3621312,2026-03-13,1,090425,T.LAGER 11G KEG,small container chg 70p incl,11G,EA,1.0,130.75,130.75,20.0
/Users/xue/Downloads/Bar drinks invoices 2026.1-6/2026.03 Tennet/3.13 1912.51 3621312_77713510.pdf,3.13 1912.51 3621312_77713510.pdf,2026.03,invoice,3621312,2026-03-13,1,400745,Caledonia Best 30L Keg,,30L,EA,1.0,55.45,55.45,20.0
/Users/xue/Downloads/Bar drinks invoices 2026.1-6/2026.03 Tennet/3.13 1912.51 3621312_77713510.pdf,3.13 1912.51 3621312_77713510.pdf,2026.03,invoice,3621312,2026-03-13,1,400751,Menabrea 4.8% 50L Keg,,50L,EA,1.0,174.01,174.01,20.0
/Users/xue/Downloads/Bar drinks invoices 2026.1-6/2026.03 Tennet/3.13 1912.51 3621312_77713510.pdf,3.13 1912.51 3621312_77713510.pdf,2026.03,invoice,3621312,2026-03-13,1,80000142,MAGNERS ORIG 24x330ml NRB,,,CS,1.0,19.44,19.44,20.0
/Users/xue/Downloads/Bar drinks invoices 2026.1-6/2026.03 Tennet/3.13 1912.51 3621312_77713510.pdf,3.13 1912.51 3621312_77713510.pdf,2026.03,invoice,3621312,2026-03-13,1,BUD010,BUDWEISER 4.5% 24X330ML,,,CS,2.0,22.77,45.54,20.0
/Users/xue/Downloads/Bar drinks invoices 2026.1-6/2026.03 Tennet/3.13 1912.51 3621312_77713510.pdf,3.13 1912.51 3621312_77713510.pdf,2026.03,invoice,3621312,2026-03-13,1,COR008,Corona Beer 24x330ml NRB ABI,,,CS,1.0,26.05,26.05,20.0
/Users/xue/Downloads/Bar drinks invoices 2026.1-6/2026.03 Tennet/3.13 1912.51 3621312_77713510.pdf,3.13 1912.51 3621312_77713510.pdf,2026.03,invoice,3621312,2026-03-13,1,DIE008,IRN BRU DIET NRB 330X24,,,CS,2.0,19.99,39.98,20.0
/Users/xue/Downloads/Bar drinks invoices 2026.1-6/2026.03 Tennet/3.13 1912.51 3621312_77713510.pdf,3.13 1912.51 3621312_77713510.pdf,2026.03,invoice,3621312,2026-03-13,1,FAN015,FANTA ORANGE ICON 24X330 NRB,,,CS,1.0,16.49,16.49,20.0
/Users/xue/Downloads/Bar drinks invoices 2026.1-6/2026.03 Tennet/3.13 1912.51 3621312_77713510.pdf,3.13 1912.51 3621312_77713510.pdf,2026.03,invoice,3621312,2026-03-13,1,GIN028,BSD GINGER ALE 200MLX24,,,CS,1.0,16.34,16.34,20.0
/Users/xue/Downloads/Bar drinks invoices 2026.1-6/2026.03 Tennet/3.13 1912.51 3621312_77713510.pdf,3.13 1912.51 3621312_77713510.pdf,2026.03,invoice,3621312,2026-03-13,1,GUI003,Guinness Draught 30L Keg,,30L,EA,2.0,106.93,213.86,20.0
/Users/xue/Downloads/Bar drinks invoices 2026.1-6/2026.03 Tennet/3.13 1912.51 3621312_77713510.pdf,3.13 1912.51 3621312_77713510.pdf,2026.03,invoice,3621312,2026-03-13,1,HEN009,HENDRICKS GIN 6X70CL,,,EA,1.0,23.49,23.49,20.0
/Users/xue/Downloads/Bar drinks invoices 2026.1-6/2026.03 Tennet/3.13 1912.51 3621312_77713510.pdf,3.13 1912.51 3621312_77713510.pdf,2026.03,invoice,3621312,2026-03-13,1,IRN013,IRN BRU NRB 24 X 330ML NRB,,,CS,2.0,19.99,39.98,20.0
/Users/xue/Downloads/Bar drinks invoices 2026.1-6/2026.03 Tennet/3.13 1912.51 3621312_77713510.pdf,3.13 1912.51 3621312_77713510.pdf,2026.03,invoice,3621312,2026-03-13,1,JAM001,JAMESONS WHISKEY 70cl x6,,,EA,1.0,17.89,17.89,20.0
/Users/xue/Downloads/Bar drinks invoices 2026.1-6/2026.03 Tennet/3.13 1912.51 3621312_77713510.pdf,3.13 1912.51 3621312_77713510.pdf,2026.03,invoice,3621312,2026-03-13,1,KOP003,KOPPARB MIXED FRUIT 15X500 NRB,,,CS,1.0,26.57,26.57,20.0
/Users/xue/Downloads/Bar drinks invoices 2026.1-6/2026.03 Tennet/3.13 1912.51 3621312_77713510.pdf,3.13 1912.51 3621312_77713510.pdf,2026.03,invoice,3621312,2026-03-13,1,KOP018,KOPPARB S/LIME ALC FREE 8X500,,,CS,3.0,11.37,34.11,20.0
/Users/xue/Downloads/Bar drinks invoices 2026.1-6/2026.03 Tennet/3.13 1912.51 3621312_77713510.pdf,3.13 1912.51 3621312_77713510.pdf,2026.03,invoice,3621312,2026-03-13,1,LON016,L.E GINGER BEER 24X200ML,,,CS,2.0,12.99,25.98,20.0
/Users/xue/Downloads/Bar drinks invoices 2026.1-6/2026.03 Tennet/3.13 1912.51 3621312_77713510.pdf,3.13 1912.51 3621312_77713510.pdf,2026.03,invoice,3621312,2026-03-13,1,M10341,Menabrea Blonde 4.8% 24x330ml,,,CS,1.0,23.99,23.99,20.0
/Users/xue/Downloads/Bar drinks invoices 2026.1-6/2026.03 Tennet/3.13 1912.51 3621312_77713510.pdf,3.13 1912.51 3621312_77713510.pdf,2026.03,invoice,3621312,2026-03-13,1,PAD005,PADDOCK CHARDONNAY 6X75CL,,,EA,12.0,5.11,61.32,20.0
/Users/xue/Downloads/Bar drinks invoices 2026.1-6/2026.03 Tennet/3.13 1912.51 3621312_77713510.pdf,3.13 1912.51 3621312_77713510.pdf,2026.03,invoice,3621312,2026-03-13,2,PAD006,PADDOCK SHIRAZ 75X6,,,EA,12.0,5.03,60.36,20.0
/Users/xue/Downloads/Bar drinks invoices 2026.1-6/2026.03 Tennet/3.13 1912.51 3621312_77713510.pdf,3.13 1912.51 3621312_77713510.pdf,2026.03,invoice,3621312,2026-03-13,2,RED009,RED BULL CAN 24 X 250ML CAN,,,CS,1.0,27.95,27.95,20.0
/Users/xue/Downloads/Bar drinks invoices 2026.1-6/2026.03 Tennet/3.13 1912.51 3621312_77713510.pdf,3.13 1912.51 3621312_77713510.pdf,2026.03,invoice,3621312,2026-03-13,2,SEV006,7 UP FREE 24X330ML NRB,SHARED ITEM,,CS,1.0,18.05,18.05,20.0
/Users/xue/Downloads/Bar drinks invoices 2026.1-6/2026.03 Tennet/3.13 1912.51 3621312_77713510.pdf,3.13 1912.51 3621312_77713510.pdf,2026.03,invoice,3621312,2026-03-13,2,SLI002,SCHWEP SLIM TONIC 24X200ML NRB,,,CS,2.0,11.29,22.58,20.0
/Users/xue/Downloads/Bar drinks invoices 2026.1-6/2026.03 Tennet/3.13 1912.51 3621312_77713510.pdf,3.13 1912.51 3621312_77713510.pdf,2026.03,invoice,3621312,2026-03-13,2,SMI002,SMIRNOFF RED LABEL 1.5L x6,,,EA,1.0,26.19,26.19,20.0
/Users/xue/Downloads/Bar drinks invoices 2026.1-6/2026.03 Tennet/3.13 1912.51 3621312_77713510.pdf,3.13 1912.51 3621312_77713510.pdf,2026.03,invoice,3621312,2026-03-13,2,SPI001,CAPT MORGAN SPICED RUM 70cl x6,,,EA,2.0,12.59,25.18,20.0
/Users/xue/Downloads/Bar drinks invoices 2026.1-6/2026.03 Tennet/3.13 1912.51 3621312_77713510.pdf,3.13 1912.51 3621312_77713510.pdf,2026.03,invoice,3621312,2026-03-13,2,T00031626,DA LUCA PROSECCO 20X24,SHARED ITEM,,CS,1.0,61.63,61.63,20.0
/Users/xue/Downloads/Bar drinks invoices 2026.1-6/2026.03 Tennet/3.13 1912.51 3621312_77713510.pdf,3.13 1912.51 3621312_77713510.pdf,2026.03,invoice,3621312,2026-03-13,2,T00032446,PEPSI MAX 200X24,SHARED ITEM,,CS,1.0,10.76,10.76,20.0
/Users/xue/Downloads/Bar drinks invoices 2026.1-6/2026.03 Tennet/3.13 1912.51 3621312_77713510.pdf,3.13 1912.51 3621312_77713510.pdf,2026.03,invoice,3621312,2026-03-13,2,T00033841,BORGO TESIS PINOT GRIGIO 75x12,SHARED ITEM,,EA,12.0,7.34,88.08,20.0
/Users/xue/Downloads/Bar drinks invoices 2026.1-6/2026.03 Tennet/3.13 1912.51 3621312_77713510.pdf,3.13 1912.51 3621312_77713510.pdf,2026.03,invoice,3621312,2026-03-13,2,T00035757,SANTA RITA 8KM MERLOT 75x6,SHARED ITEM,,EA,7.0,6.3,44.1,20.0
/Users/xue/Downloads/Bar drinks invoices 2026.1-6/2026.03 Tennet/3.13 1912.51 3621312_77713510.pdf,3.13 1912.51 3621312_77713510.pdf,2026.03,invoice,3621312,2026-03-13,2,T00041945,EL CUYO MALBEC 75X6,SHARED ITEM,,EA,5.0,6.48,32.4,20.0
/Users/xue/Downloads/Bar drinks invoices 2026.1-6/2026.03 Tennet/3.13 1912.51 3621312_77713510.pdf,3.13 1912.51 3621312_77713510.pdf,2026.03,invoice,3621312,2026-03-13,2,T00045954,CORTE VIGNA PG 10.5% 75X12,SHARED ITEM,,EA,6.0,5.47,32.82,20.0
/Users/xue/Downloads/Bar drinks invoices 2026.1-6/2026.03 Tennet/3.13 1912.51 3621312_77713510.pdf,3.13 1912.51 3621312_77713510.pdf,2026.03,invoice,3621312,2026-03-13,3,T00046001,MAGLIA ROSA BLUSH 10.5% 75X12,SHARED ITEM,,EA,6.0,5.46,32.76,20.0
/Users/xue/Downloads/Bar drinks invoices 2026.1-6/2026.03 Tennet/3.13 1912.51 3621312_77713510.pdf,3.13 1912.51 3621312_77713510.pdf,2026.03,invoice,3621312,2026-03-13,3,T00046710,SANTA RITA 8KM SAUVB 12.5%75X6,MCW & BWL SHARED,,EA,7.0,6.3,44.1,20.0
/Users/xue/Downloads/Bar drinks invoices 2026.1-6/2026.03 Tennet/3.13 1912.51 3621312_77713510.pdf,3.13 1912.51 3621312_77713510.pdf,2026.03,invoice,3621312,2026-03-13,3,T00046734,PEPSI NRB 200x24,,,CS,1.0,13.44,13.44,20.0
/Users/xue/Downloads/Bar drinks invoices 2026.1-6/2026.03 Tennet/3.13 1912.51 3621312_77713510.pdf,3.13 1912.51 3621312_77713510.pdf,2026.03,invoice,3621312,2026-03-13,3,T00047414,LA CAMPAGNE CHARDONNAY 75x6,Shared Sku,,EA,10.0,6.21,62.1,20.0
/Users/xue/Downloads/Bar drinks invoices 2026.1-6/2026.03 Tennet/3.13 1912.51 3621312_77713510.pdf,3.13 1912.51 3621312_77713510.pdf,2026.03,invoice,3621312,2026-03-13,4,T00033839,BORGO TESIS CAB/SAUV 75x12,Free of Charge | SHARED ITEM,,EA,2.0,0.0,0.0,20.0
/Users/xue/Downloads/Bar drinks invoices 2026.1-6/2026.03 Tennet/3.20 2393.93 3625987_77757254.pdf,3.20 2393.93 3625987_77757254.pdf,2026.03,invoice,3625987,2026-03-20,1,090425,T.LAGER 11G KEG,small container chg 70p incl,11G,EA,2.0,130.75,261.5,20.0
/Users/xue/Downloads/Bar drinks invoices 2026.1-6/2026.03 Tennet/3.20 2393.93 3625987_77757254.pdf,3.20 2393.93 3625987_77757254.pdf,2026.03,invoice,3625987,2026-03-20,1,400745,Caledonia Best 30L Keg,,30L,EA,2.0,55.45,110.9,20.0
/Users/xue/Downloads/Bar drinks invoices 2026.1-6/2026.03 Tennet/3.20 2393.93 3625987_77757254.pdf,3.20 2393.93 3625987_77757254.pdf,2026.03,invoice,3625987,2026-03-20,1,400751,Menabrea 4.8% 50L Keg,,50L,EA,2.0,174.01,348.02,20.0
/Users/xue/Downloads/Bar drinks invoices 2026.1-6/2026.03 Tennet/3.20 2393.93 3625987_77757254.pdf,3.20 2393.93 3625987_77757254.pdf,2026.03,invoice,3625987,2026-03-20,1,80000672,Menabrea Bionda 0% 24x330ml,,,CS,1.0,16.99,16.99,20.0
/Users/xue/Downloads/Bar drinks invoices 2026.1-6/2026.03 Tennet/3.20 2393.93 3625987_77757254.pdf,3.20 2393.93 3625987_77757254.pdf,2026.03,invoice,3625987,2026-03-20,1,BAC003,BACARDI WHITE RUM 6X70CL,,,EA,1.0,14.89,14.89,20.0
/Users/xue/Downloads/Bar drinks invoices 2026.1-6/2026.03 Tennet/3.20 2393.93 3625987_77757254.pdf,3.20 2393.93 3625987_77757254.pdf,2026.03,invoice,3625987,2026-03-20,1,BUC001,Buckfast Tonic Wine 12x75cl,,,EA,2.0,8.76,17.52,20.0
/Users/xue/Downloads/Bar drinks invoices 2026.1-6/2026.03 Tennet/3.20 2393.93 3625987_77757254.pdf,3.20 2393.93 3625987_77757254.pdf,2026.03,invoice,3625987,2026-03-20,1,BUD010,BUDWEISER 4.5% 24X330ML,,,CS,1.0,22.77,22.77,20.0
/Users/xue/Downloads/Bar drinks invoices 2026.1-6/2026.03 Tennet/3.20 2393.93 3625987_77757254.pdf,3.20 2393.93 3625987_77757254.pdf,2026.03,invoice,3625987,2026-03-20,1,CAC020,CACTUS JACK APPLE SOUR 6X70CL,,,EA,1.0,7.75,7.75,20.0
/Users/xue/Downloads/Bar drinks invoices 2026.1-6/2026.03 Tennet/3.20 2393.93 3625987_77757254.pdf,3.20 2393.93 3625987_77757254.pdf,2026.03,invoice,3625987,2026-03-20,1,COR008,Corona Beer 24x330ml NRB ABI,,,CS,2.0,26.05,52.1,20.0
/Users/xue/Downloads/Bar drinks invoices 2026.1-6/2026.03 Tennet/3.20 2393.93 3625987_77757254.pdf,3.20 2393.93 3625987_77757254.pdf,2026.03,invoice,3625987,2026-03-20,1,FAN015,FANTA ORANGE ICON 24X330 NRB,,,CS,1.0,16.49,16.49,20.0
/Users/xue/Downloads/Bar drinks invoices 2026.1-6/2026.03 Tennet/3.20 2393.93 3625987_77757254.pdf,3.20 2393.93 3625987_77757254.pdf,2026.03,invoice,3625987,2026-03-20,1,GIN028,BSD GINGER ALE 200MLX24,,,CS,1.0,16.34,16.34,20.0
/Users/xue/Downloads/Bar drinks invoices 2026.1-6/2026.03 Tennet/3.20 2393.93 3625987_77757254.pdf,3.20 2393.93 3625987_77757254.pdf,2026.03,invoice,3625987,2026-03-20,1,GOR003,GORDONS GIN 70cl x 6,,,EA,1.0,12.45,12.45,20.0
/Users/xue/Downloads/Bar drinks invoices 2026.1-6/2026.03 Tennet/3.20 2393.93 3625987_77757254.pdf,3.20 2393.93 3625987_77757254.pdf,2026.03,invoice,3625987,2026-03-20,1,GUI003,Guinness Draught 30L Keg,,30L,EA,1.0,106.93,106.93,20.0
/Users/xue/Downloads/Bar drinks invoices 2026.1-6/2026.03 Tennet/3.20 2393.93 3625987_77757254.pdf,3.20 2393.93 3625987_77757254.pdf,2026.03,invoice,3625987,2026-03-20,1,J2O001,BVC J20 APP+MANGO 24X275ML NRB,,,CS,1.0,21.33,21.33,20.0
/Users/xue/Downloads/Bar drinks invoices 2026.1-6/2026.03 Tennet/3.20 2393.93 3625987_77757254.pdf,3.20 2393.93 3625987_77757254.pdf,2026.03,invoice,3625987,2026-03-20,1,J2O003,BVC J20 ORA+PASS 24X275ML NRB,,,CS,1.0,21.15,21.15,20.0
/Users/xue/Downloads/Bar drinks invoices 2026.1-6/2026.03 Tennet/3.20 2393.93 3625987_77757254.pdf,3.20 2393.93 3625987_77757254.pdf,2026.03,invoice,3625987,2026-03-20,1,J2O005,BVC J20 APPL&RASP 24X275ML NRB,,,CS,1.0,21.33,21.33,20.0
/Users/xue/Downloads/Bar drinks invoices 2026.1-6/2026.03 Tennet/3.20 2393.93 3625987_77757254.pdf,3.20 2393.93 3625987_77757254.pdf,2026.03,invoice,3625987,2026-03-20,1,JAG001,JAGERMEISTER LIQUEUR 70x6,,,EA,1.0,16.31,16.31,20.0
/Users/xue/Downloads/Bar drinks invoices 2026.1-6/2026.03 Tennet/3.20 2393.93 3625987_77757254.pdf,3.20 2393.93 3625987_77757254.pdf,2026.03,invoice,3625987,2026-03-20,1,KOP003,KOPPARB MIXED FRUIT 15X500 NRB,,,CS,2.0,26.57,53.14,20.0
/Users/xue/Downloads/Bar drinks invoices 2026.1-6/2026.03 Tennet/3.20 2393.93 3625987_77757254.pdf,3.20 2393.93 3625987_77757254.pdf,2026.03,invoice,3625987,2026-03-20,2,KOP008,KOPPARB STRAW/LIME 15X500 NRB,,,CS,3.0,26.57,79.71,20.0
/Users/xue/Downloads/Bar drinks invoices 2026.1-6/2026.03 Tennet/3.20 2393.93 3625987_77757254.pdf,3.20 2393.93 3625987_77757254.pdf,2026.03,invoice,3625987,2026-03-20,2,M10341,Menabrea Blonde 4.8% 24x330ml,,,CS,1.0,23.99,23.99,20.0
/Users/xue/Downloads/Bar drinks invoices 2026.1-6/2026.03 Tennet/3.20 2393.93 3625987_77757254.pdf,3.20 2393.93 3625987_77757254.pdf,2026.03,invoice,3625987,2026-03-20,2,RED009,RED BULL CAN 24 X 250ML CAN,,,CS,3.0,27.95,83.85,20.0
/Users/xue/Downloads/Bar drinks invoices 2026.1-6/2026.03 Tennet/3.20 2393.93 3625987_77757254.pdf,3.20 2393.93 3625987_77757254.pdf,2026.03,invoice,3625987,2026-03-20,2,RED013,RED BULL WATERMEL 12X250ML CAN,,,CS,1.0,14.39,14.39,20.0
/Users/xue/Downloads/Bar drinks invoices 2026.1-6/2026.03 Tennet/3.20 2393.93 3625987_77757254.pdf,3.20 2393.93 3625987_77757254.pdf,2026.03,invoice,3625987,2026-03-20,2,SMI010,SMIR RED ICE 24X275ML NRB,,,CS,2.0,28.89,57.78,20.0
/Users/xue/Downloads/Bar drinks invoices 2026.1-6/2026.03 Tennet/3.20 2393.93 3625987_77757254.pdf,3.20 2393.93 3625987_77757254.pdf,2026.03,invoice,3625987,2026-03-20,2,SMI036,SMIRNOFF - GOLD 6X70CL,,,EA,1.0,22.58,22.58,20.0
/Users/xue/Downloads/Bar drinks invoices 2026.1-6/2026.03 Tennet/3.20 2393.93 3625987_77757254.pdf,3.20 2393.93 3625987_77757254.pdf,2026.03,invoice,3625987,2026-03-20,2,SMIR03,Smirnoff - Red 6x70cl,,,EA,6.0,12.45,74.7,20.0
/Users/xue/Downloads/Bar drinks invoices 2026.1-6/2026.03 Tennet/3.20 2393.93 3625987_77757254.pdf,3.20 2393.93 3625987_77757254.pdf,2026.03,invoice,3625987,2026-03-20,2,SPI001,CAPT MORGAN SPICED RUM 70cl x6,,,EA,1.0,12.59,12.59,20.0
/Users/xue/Downloads/Bar drinks invoices 2026.1-6/2026.03 Tennet/3.20 2393.93 3625987_77757254.pdf,3.20 2393.93 3625987_77757254.pdf,2026.03,invoice,3625987,2026-03-20,2,STI003,STIVY'S - KOLA KUBES 6X70CL,,,EA,2.0,11.23,22.46,20.0
/Users/xue/Downloads/Bar drinks invoices 2026.1-6/2026.03 Tennet/3.20 2393.93 3625987_77757254.pdf,3.20 2393.93 3625987_77757254.pdf,2026.03,invoice,3625987,2026-03-20,2,T00020613,F'STONE MUSIC ROOM CABER 75x6,SHARED ITEM,,EA,1.0,14.87,14.87,20.0
/Users/xue/Downloads/Bar drinks invoices 2026.1-6/2026.03 Tennet/3.20 2393.93 3625987_77757254.pdf,3.20 2393.93 3625987_77757254.pdf,2026.03,invoice,3625987,2026-03-20,2,T00029357,DA LUCA PROSECCO 75X6,SHARED ITEM,,EA,12.0,7.86,94.32,20.0
/Users/xue/Downloads/Bar drinks invoices 2026.1-6/2026.03 Tennet/3.20 2393.93 3625987_77757254.pdf,3.20 2393.93 3625987_77757254.pdf,2026.03,invoice,3625987,2026-03-20,2,T00032446,PEPSI MAX 200X24,SHARED ITEM,,CS,1.0,10.76,10.76,20.0
/Users/xue/Downloads/Bar drinks invoices 2026.1-6/2026.03 Tennet/3.20 2393.93 3625987_77757254.pdf,3.20 2393.93 3625987_77757254.pdf,2026.03,invoice,3625987,2026-03-20,2,T00037459,OS PULPO NZ SAUV BLANC 75X6,SHARED ITEM,,EA,6.0,8.59,51.54,20.0
/Users/xue/Downloads/Bar drinks invoices 2026.1-6/2026.03 Tennet/3.20 2393.93 3625987_77757254.pdf,3.20 2393.93 3625987_77757254.pdf,2026.03,invoice,3625987,2026-03-20,2,T00045360,BRITVIC HALO R WHITE BASE 7LX1,ALL BUSINESS UNITS,,EA,1.0,63.44,63.44,20.0
/Users/xue/Downloads/Bar drinks invoices 2026.1-6/2026.03 Tennet/3.20 2393.93 3625987_77757254.pdf,3.20 2393.93 3625987_77757254.pdf,2026.03,invoice,3625987,2026-03-20,3,T00046001,MAGLIA ROSA BLUSH 10.5% 75X12,SHARED ITEM,,EA,6.0,5.46,32.76,20.0
/Users/xue/Downloads/Bar drinks invoices 2026.1-6/2026.03 Tennet/3.20 2393.93 3625987_77757254.pdf,3.20 2393.93 3625987_77757254.pdf,2026.03,invoice,3625987,2026-03-20,3,T00046117,SMIRNOFF RASPB CRUSH 35% 70X6,All Business Units,,EA,2.0,16.53,33.06,20.0
/Users/xue/Downloads/Bar drinks invoices 2026.1-6/2026.03 Tennet/3.20 2393.93 3625987_77757254.pdf,3.20 2393.93 3625987_77757254.pdf,2026.03,invoice,3625987,2026-03-20,3,T00046200,WHISP HILLS WHT ZINF 8% 75X6,SHARED ITEM,,EA,6.0,4.09,24.54,20.0
/Users/xue/Downloads/Bar drinks invoices 2026.1-6/2026.03 Tennet/3.20 2393.93 3625987_77757254.pdf,3.20 2393.93 3625987_77757254.pdf,2026.03,invoice,3625987,2026-03-20,3,T00046429,JOSE CUERVO ESP SILV 35% 70X6,All Business Units,,EA,1.0,19.47,19.47,20.0
/Users/xue/Downloads/Bar drinks invoices 2026.1-6/2026.03 Tennet/3.20 2393.93 3625987_77757254.pdf,3.20 2393.93 3625987_77757254.pdf,2026.03,invoice,3625987,2026-03-20,3,T00046654,PATRON XO CAFE 70X6,SHARED SKU,,EA,1.0,39.18,39.18,20.0
/Users/xue/Downloads/Bar drinks invoices 2026.1-6/2026.03 Tennet/3.20 2393.93 3625987_77757254.pdf,3.20 2393.93 3625987_77757254.pdf,2026.03,invoice,3625987,2026-03-20,3,T00047967,BABYDOLL SAUVIGNON BLANC 75X6,MCW and W&W,,EA,1.0,8.32,8.32,20.0
/Users/xue/Downloads/Bar drinks invoices 2026.1-6/2026.03 Tennet/3.20 2393.93 3625987_77757254.pdf,3.20 2393.93 3625987_77757254.pdf,2026.03,invoice,3625987,2026-03-20,3,T00048728,R WHITES SUGAR FREE BIB 7LX1,All Business Units,,CS,1.0,45.35,45.35,20.0
/Users/xue/Downloads/Bar drinks invoices 2026.1-6/2026.03 Tennet/3.20 2393.93 3625987_77757254.pdf,3.20 2393.93 3625987_77757254.pdf,2026.03,invoice,3625987,2026-03-20,3,TON004,BSD TONIC 200MLX24,,,CS,1.0,13.68,13.68,20.0
/Users/xue/Downloads/Bar drinks invoices 2026.1-6/2026.03 Tennet/3.20 2393.93 3625987_77757254.pdf,3.20 2393.93 3625987_77757254.pdf,2026.03,invoice,3625987,2026-03-20,3,TON005,BSD TONIC LOW CAL 200MLX24,,,CS,1.0,13.68,13.68,20.0
/Users/xue/Downloads/Bar drinks invoices 2026.1-6/2026.03 Tennet/3.20 2393.93 3625987_77757254.pdf,3.20 2393.93 3625987_77757254.pdf,2026.03,invoice,3625987,2026-03-20,4,T00049433,KOPPARBERG MANGO NRB 500X15,Free of Charge | All Business Units,,CS,1.0,0.0,0.0,20.0
/Users/xue/Downloads/Bar drinks invoices 2026.1-6/2026.03 Tennet/3.20 2393.93 3625987_77757254.pdf,3.20 2393.93 3625987_77757254.pdf,2026.03,invoice,3625987,2026-03-20,4,TON004,BSD TONIC 200MLX24,Free of Charge,,CS,1.0,0.0,0.0,20.0
/Users/xue/Downloads/Bar drinks invoices 2026.1-6/2026.03 Tennet/3.27 827.66 3630327_77797110.pdf,3.27 827.66 3630327_77797110.pdf,2026.03,invoice,3630327,2026-03-27,1,BUD010,BUDWEISER 4.5% 24X330ML,,,CS,2.0,22.77,45.54,20.0
/Users/xue/Downloads/Bar drinks invoices 2026.1-6/2026.03 Tennet/3.27 827.66 3630327_77797110.pdf,3.27 827.66 3630327_77797110.pdf,2026.03,invoice,3630327,2026-03-27,1,GOR002,GORDONS GIN 1.5L x6,,,EA,1.0,26.19,26.19,20.0
/Users/xue/Downloads/Bar drinks invoices 2026.1-6/2026.03 Tennet/3.27 827.66 3630327_77797110.pdf,3.27 827.66 3630327_77797110.pdf,2026.03,invoice,3630327,2026-03-27,1,GOR003,GORDONS GIN 70cl x 6,,,EA,2.0,12.45,24.9,20.0
/Users/xue/Downloads/Bar drinks invoices 2026.1-6/2026.03 Tennet/3.27 827.66 3630327_77797110.pdf,3.27 827.66 3630327_77797110.pdf,2026.03,invoice,3630327,2026-03-27,1,GUI004,GUINNESS DRAUGHT 0% CAN 440X24,SHARED ITEM,,CS,1.0,23.0,23.0,20.0
/Users/xue/Downloads/Bar drinks invoices 2026.1-6/2026.03 Tennet/3.27 827.66 3630327_77797110.pdf,3.27 827.66 3630327_77797110.pdf,2026.03,invoice,3630327,2026-03-27,1,PEP023,DIET PEPSI 24 X 200ML NRB,,,CS,2.0,12.37,24.74,20.0
/Users/xue/Downloads/Bar drinks invoices 2026.1-6/2026.03 Tennet/3.27 827.66 3630327_77797110.pdf,3.27 827.66 3630327_77797110.pdf,2026.03,invoice,3630327,2026-03-27,1,SPI001,CAPT MORGAN SPICED RUM 70cl x6,,,EA,2.0,12.59,25.18,20.0
/Users/xue/Downloads/Bar drinks invoices 2026.1-6/2026.03 Tennet/3.27 827.66 3630327_77797110.pdf,3.27 827.66 3630327_77797110.pdf,2026.03,invoice,3630327,2026-03-27,1,T00031626,DA LUCA PROSECCO 20X24,SHARED ITEM,,CS,1.0,61.63,61.63,20.0
/Users/xue/Downloads/Bar drinks invoices 2026.1-6/2026.03 Tennet/3.27 827.66 3630327_77797110.pdf,3.27 827.66 3630327_77797110.pdf,2026.03,invoice,3630327,2026-03-27,1,T00035757,SANTA RITA 8KM MERLOT 75x6,SHARED ITEM,,EA,4.0,6.3,25.2,20.0
/Users/xue/Downloads/Bar drinks invoices 2026.1-6/2026.03 Tennet/3.27 827.66 3630327_77797110.pdf,3.27 827.66 3630327_77797110.pdf,2026.03,invoice,3630327,2026-03-27,1,T00041945,EL CUYO MALBEC 75X6,SHARED ITEM,,EA,4.0,6.48,25.92,20.0
/Users/xue/Downloads/Bar drinks invoices 2026.1-6/2026.03 Tennet/3.27 827.66 3630327_77797110.pdf,3.27 827.66 3630327_77797110.pdf,2026.03,invoice,3630327,2026-03-27,1,T00045954,CORTE VIGNA PG 10.5% 75X12,SHARED ITEM,,EA,6.0,5.47,32.82,20.0
/Users/xue/Downloads/Bar drinks invoices 2026.1-6/2026.03 Tennet/3.27 827.66 3630327_77797110.pdf,3.27 827.66 3630327_77797110.pdf,2026.03,invoice,3630327,2026-03-27,1,T00046001,MAGLIA ROSA BLUSH 10.5% 75X12,SHARED ITEM,,EA,12.0,5.46,65.52,20.0
/Users/xue/Downloads/Bar drinks invoices 2026.1-6/2026.03 Tennet/3.27 827.66 3630327_77797110.pdf,3.27 827.66 3630327_77797110.pdf,2026.03,invoice,3630327,2026-03-27,1,T00046710,SANTA RITA 8KM SAUVB 12.5%75X6,MCW & BWL SHARED,,EA,6.0,6.3,37.8,20.0
/Users/xue/Downloads/Bar drinks invoices 2026.1-6/2026.03 Tennet/3.27 827.66 3630327_77797110.pdf,3.27 827.66 3630327_77797110.pdf,2026.03,invoice,3630327,2026-03-27,2,T00046734,PEPSI NRB 200x24,,,CS,1.0,13.44,13.44,20.0
/Users/xue/Downloads/Bar drinks invoices 2026.1-6/2026.03 Tennet/3.27 827.66 3630327_77797110.pdf,3.27 827.66 3630327_77797110.pdf,2026.03,invoice,3630327,2026-03-27,2,T00047627,LA CAMPAGNE MERLOT 75x6,SHARED SKU,,EA,4.0,6.29,25.16,20.0
/Users/xue/Downloads/Bar drinks invoices 2026.1-6/2026.03 Tennet/3.27 827.66 3630327_77797110.pdf,3.27 827.66 3630327_77797110.pdf,2026.03,invoice,3630327,2026-03-27,2,T00048727,DIET PEPSI BIB 7LX1,All Business Units,,CS,1.0,51.88,51.88,20.0
/Users/xue/Downloads/Bar drinks invoices 2026.1-6/2026.03 Tennet/3.27 827.66 3630327_77797110.pdf,3.27 827.66 3630327_77797110.pdf,2026.03,invoice,3630327,2026-03-27,2,T00048731,PEPSI MAX BIB 7LX1,All Business Units,,CS,2.0,51.88,103.76,20.0
/Users/xue/Downloads/Bar drinks invoices 2026.1-6/2026.03 Tennet/3.27 827.66 3630327_77797110.pdf,3.27 827.66 3630327_77797110.pdf,2026.03,invoice,3630327,2026-03-27,2,WIL008,WILDWOOD SHIRAZ 6X75CL,,,EA,8.0,9.63,77.03,20.0
/Users/xue/Downloads/Bar drinks invoices 2026.1-6/2026.04 Tennet/4.10  1998.53 3645366_77893952.pdf,4.10  1998.53 3645366_77893952.pdf,2026.04,invoice,3645366,2026-04-10,1,090425,T.LAGER 11G KEG,small container chg 70p incl,11G,EA,1.0,130.75,130.75,20.0
/Users/xue/Downloads/Bar drinks invoices 2026.1-6/2026.04 Tennet/4.10  1998.53 3645366_77893952.pdf,4.10  1998.53 3645366_77893952.pdf,2026.04,invoice,3645366,2026-04-10,1,400745,Caledonia Best 30L Keg,,30L,EA,1.0,55.45,55.45,20.0
/Users/xue/Downloads/Bar drinks invoices 2026.1-6/2026.04 Tennet/4.10  1998.53 3645366_77893952.pdf,4.10  1998.53 3645366_77893952.pdf,2026.04,invoice,3645366,2026-04-10,1,400751,Menabrea 4.8% 50L Keg,,50L,EA,1.0,174.01,174.01,20.0
/Users/xue/Downloads/Bar drinks invoices 2026.1-6/2026.04 Tennet/4.10  1998.53 3645366_77893952.pdf,4.10  1998.53 3645366_77893952.pdf,2026.04,invoice,3645366,2026-04-10,1,80000142,MAGNERS ORIG 24x330ml NRB,,,CS,1.0,19.44,19.44,20.0
/Users/xue/Downloads/Bar drinks invoices 2026.1-6/2026.04 Tennet/4.10  1998.53 3645366_77893952.pdf,4.10  1998.53 3645366_77893952.pdf,2026.04,invoice,3645366,2026-04-10,1,BOT055,BOTTEGA GOLD PROSEC 24X20CL CS,,,CS,1.0,67.68,67.68,20.0
/Users/xue/Downloads/Bar drinks invoices 2026.1-6/2026.04 Tennet/4.10  1998.53 3645366_77893952.pdf,4.10  1998.53 3645366_77893952.pdf,2026.04,invoice,3645366,2026-04-10,1,BRE017,BREWDOG PUNK IPA NRB 12X330ML,,,CS,1.0,19.7,19.7,20.0
/Users/xue/Downloads/Bar drinks invoices 2026.1-6/2026.04 Tennet/4.10  1998.53 3645366_77893952.pdf,4.10  1998.53 3645366_77893952.pdf,2026.04,invoice,3645366,2026-04-10,1,BUD010,BUDWEISER 4.5% 24X330ML,,,CS,1.0,22.77,22.77,20.0
/Users/xue/Downloads/Bar drinks invoices 2026.1-6/2026.04 Tennet/4.10  1998.53 3645366_77893952.pdf,4.10  1998.53 3645366_77893952.pdf,2026.04,invoice,3645366,2026-04-10,1,DIE008,IRN BRU DIET NRB 330X24,,,CS,1.0,19.99,19.99,20.0
/Users/xue/Downloads/Bar drinks invoices 2026.1-6/2026.04 Tennet/4.10  1998.53 3645366_77893952.pdf,4.10  1998.53 3645366_77893952.pdf,2026.04,invoice,3645366,2026-04-10,1,FAN015,FANTA ORANGE ICON 24X330 NRB,,,CS,1.0,16.49,16.49,20.0
/Users/xue/Downloads/Bar drinks invoices 2026.1-6/2026.04 Tennet/4.10  1998.53 3645366_77893952.pdf,4.10  1998.53 3645366_77893952.pdf,2026.04,invoice,3645366,2026-04-10,1,GIN029,BSD GINGER BEER 200MLX24,,,CS,1.0,16.87,16.87,20.0
/Users/xue/Downloads/Bar drinks invoices 2026.1-6/2026.04 Tennet/4.10  1998.53 3645366_77893952.pdf,4.10  1998.53 3645366_77893952.pdf,2026.04,invoice,3645366,2026-04-10,1,GOR003,GORDONS GIN 70cl x 6,,,EA,2.0,12.45,24.9,20.0
/Users/xue/Downloads/Bar drinks invoices 2026.1-6/2026.04 Tennet/4.10  1998.53 3645366_77893952.pdf,4.10  1998.53 3645366_77893952.pdf,2026.04,invoice,3645366,2026-04-10,1,GUI003,Guinness Draught 30L Keg,,30L,EA,2.0,106.93,213.86,20.0
/Users/xue/Downloads/Bar drinks invoices 2026.1-6/2026.04 Tennet/4.10  1998.53 3645366_77893952.pdf,4.10  1998.53 3645366_77893952.pdf,2026.04,invoice,3645366,2026-04-10,1,IRN013,IRN BRU NRB 24 X 330ML NRB,,,CS,1.0,19.99,19.99,20.0
/Users/xue/Downloads/Bar drinks invoices 2026.1-6/2026.04 Tennet/4.10  1998.53 3645366_77893952.pdf,4.10  1998.53 3645366_77893952.pdf,2026.04,invoice,3645366,2026-04-10,1,KOP003,KOPPARB MIXED FRUIT 15X500 NRB,,,CS,1.0,26.57,26.57,20.0
/Users/xue/Downloads/Bar drinks invoices 2026.1-6/2026.04 Tennet/4.10  1998.53 3645366_77893952.pdf,4.10  1998.53 3645366_77893952.pdf,2026.04,invoice,3645366,2026-04-10,1,KOP018,KOPPARB S/LIME ALC FREE 8X500,,,CS,1.0,11.37,11.37,20.0
/Users/xue/Downloads/Bar drinks invoices 2026.1-6/2026.04 Tennet/4.10  1998.53 3645366_77893952.pdf,4.10  1998.53 3645366_77893952.pdf,2026.04,invoice,3645366,2026-04-10,1,KRA001,KRAKEN SPICED DARK RUM 6X70CL,,,EA,1.0,18.49,18.49,20.0
/Users/xue/Downloads/Bar drinks invoices 2026.1-6/2026.04 Tennet/4.10  1998.53 3645366_77893952.pdf,4.10  1998.53 3645366_77893952.pdf,2026.04,invoice,3645366,2026-04-10,1,PAD005,PADDOCK CHARDONNAY 6X75CL,,,EA,10.0,5.11,51.1,20.0
/Users/xue/Downloads/Bar drinks invoices 2026.1-6/2026.04 Tennet/4.10  1998.53 3645366_77893952.pdf,4.10  1998.53 3645366_77893952.pdf,2026.04,invoice,3645366,2026-04-10,1,PAD006,PADDOCK SHIRAZ 75X6,,,EA,8.0,5.03,40.24,20.0
/Users/xue/Downloads/Bar drinks invoices 2026.1-6/2026.04 Tennet/4.10  1998.53 3645366_77893952.pdf,4.10  1998.53 3645366_77893952.pdf,2026.04,invoice,3645366,2026-04-10,2,PEP023,DIET PEPSI 24 X 200ML NRB,,,CS,2.0,12.37,24.74,20.0
/Users/xue/Downloads/Bar drinks invoices 2026.1-6/2026.04 Tennet/4.10  1998.53 3645366_77893952.pdf,4.10  1998.53 3645366_77893952.pdf,2026.04,invoice,3645366,2026-04-10,2,RED009,RED BULL CAN 24 X 250ML CAN,,,CS,1.0,27.95,27.95,20.0
/Users/xue/Downloads/Bar drinks invoices 2026.1-6/2026.04 Tennet/4.10  1998.53 3645366_77893952.pdf,4.10  1998.53 3645366_77893952.pdf,2026.04,invoice,3645366,2026-04-10,2,SMI002,SMIRNOFF RED LABEL 1.5L x6,,,EA,1.0,26.19,26.19,20.0
/Users/xue/Downloads/Bar drinks invoices 2026.1-6/2026.04 Tennet/4.10  1998.53 3645366_77893952.pdf,4.10  1998.53 3645366_77893952.pdf,2026.04,invoice,3645366,2026-04-10,2,SMIR03,Smirnoff - Red 6x70cl,,,EA,6.0,12.45,74.7,20.0
/Users/xue/Downloads/Bar drinks invoices 2026.1-6/2026.04 Tennet/4.10  1998.53 3645366_77893952.pdf,4.10  1998.53 3645366_77893952.pdf,2026.04,invoice,3645366,2026-04-10,2,T00032446,PEPSI MAX 200X24,SHARED ITEM,,CS,1.0,10.76,10.76,20.0
/Users/xue/Downloads/Bar drinks invoices 2026.1-6/2026.04 Tennet/4.10  1998.53 3645366_77893952.pdf,4.10  1998.53 3645366_77893952.pdf,2026.04,invoice,3645366,2026-04-10,2,T00035757,SANTA RITA 8KM MERLOT 75x6,SHARED ITEM,,EA,6.0,6.3,37.8,20.0
/Users/xue/Downloads/Bar drinks invoices 2026.1-6/2026.04 Tennet/4.10  1998.53 3645366_77893952.pdf,4.10  1998.53 3645366_77893952.pdf,2026.04,invoice,3645366,2026-04-10,2,T00040082,DA LUCA PROSECCO ROSE 75X6,SHARED ITEM,,EA,6.0,8.08,48.48,20.0
/Users/xue/Downloads/Bar drinks invoices 2026.1-6/2026.04 Tennet/4.10  1998.53 3645366_77893952.pdf,4.10  1998.53 3645366_77893952.pdf,2026.04,invoice,3645366,2026-04-10,2,T00041945,EL CUYO MALBEC 75X6,SHARED ITEM,,EA,6.0,6.48,38.88,20.0
/Users/xue/Downloads/Bar drinks invoices 2026.1-6/2026.04 Tennet/4.10  1998.53 3645366_77893952.pdf,4.10  1998.53 3645366_77893952.pdf,2026.04,invoice,3645366,2026-04-10,2,T00045359,BRITVIC MIXERS BASE 7LX1,ALL BUSINESS UNITS,,EA,1.0,76.65,76.65,20.0
/Users/xue/Downloads/Bar drinks invoices 2026.1-6/2026.04 Tennet/4.10  1998.53 3645366_77893952.pdf,4.10  1998.53 3645366_77893952.pdf,2026.04,invoice,3645366,2026-04-10,2,T00045365,BRITVIC HALO LEMON 5CLX1,Shared Sku,,EA,1.0,45.0,45.0,20.0
/Users/xue/Downloads/Bar drinks invoices 2026.1-6/2026.04 Tennet/4.10  1998.53 3645366_77893952.pdf,4.10  1998.53 3645366_77893952.pdf,2026.04,invoice,3645366,2026-04-10,2,T00045634,BRITVIC DISPENSE TONIC 5CLX1,Shared Sku,,EA,1.0,45.0,45.0,20.0
/Users/xue/Downloads/Bar drinks invoices 2026.1-6/2026.04 Tennet/4.10  1998.53 3645366_77893952.pdf,4.10  1998.53 3645366_77893952.pdf,2026.04,invoice,3645366,2026-04-10,2,T00045890,MAGLIA ROSA PG 10.5% 75X12,SHARED ITEM,,EA,6.0,5.38,32.28,20.0
/Users/xue/Downloads/Bar drinks invoices 2026.1-6/2026.04 Tennet/4.10  1998.53 3645366_77893952.pdf,4.10  1998.53 3645366_77893952.pdf,2026.04,invoice,3645366,2026-04-10,3,T00045954,CORTE VIGNA PG 10.5% 75X12,SHARED ITEM,,EA,6.0,5.47,32.82,20.0
/Users/xue/Downloads/Bar drinks invoices 2026.1-6/2026.04 Tennet/4.10  1998.53 3645366_77893952.pdf,4.10  1998.53 3645366_77893952.pdf,2026.04,invoice,3645366,2026-04-10,3,T00046001,MAGLIA ROSA BLUSH 10.5% 75X12,SHARED ITEM,,EA,6.0,5.46,32.76,20.0
/Users/xue/Downloads/Bar drinks invoices 2026.1-6/2026.04 Tennet/4.10  1998.53 3645366_77893952.pdf,4.10  1998.53 3645366_77893952.pdf,2026.04,invoice,3645366,2026-04-10,3,T00046200,WHISP HILLS WHT ZINF 8% 75X6,SHARED ITEM,,EA,5.0,4.09,20.45,20.0
/Users/xue/Downloads/Bar drinks invoices 2026.1-6/2026.04 Tennet/4.10  1998.53 3645366_77893952.pdf,4.10  1998.53 3645366_77893952.pdf,2026.04,invoice,3645366,2026-04-10,3,T00046710,SANTA RITA 8KM SAUVB 12.5%75X6,MCW & BWL SHARED,,EA,10.0,6.3,63.0,20.0
/Users/xue/Downloads/Bar drinks invoices 2026.1-6/2026.04 Tennet/4.10  1998.53 3645366_77893952.pdf,4.10  1998.53 3645366_77893952.pdf,2026.04,invoice,3645366,2026-04-10,3,T00046734,PEPSI NRB 200x24,,,CS,2.0,13.44,26.88,20.0
/Users/xue/Downloads/Bar drinks invoices 2026.1-6/2026.04 Tennet/4.10  1998.53 3645366_77893952.pdf,4.10  1998.53 3645366_77893952.pdf,2026.04,invoice,3645366,2026-04-10,3,T00047627,LA CAMPAGNE MERLOT 75x6,SHARED SKU,,EA,6.0,6.29,37.74,20.0
/Users/xue/Downloads/Bar drinks invoices 2026.1-6/2026.04 Tennet/4.10  1998.53 3645366_77893952.pdf,4.10  1998.53 3645366_77893952.pdf,2026.04,invoice,3645366,2026-04-10,3,TON004,BSD TONIC 200MLX24,,,CS,1.0,13.68,13.68,20.0
/Users/xue/Downloads/Bar drinks invoices 2026.1-6/2026.04 Tennet/4.10  1998.53 3645366_77893952.pdf,4.10  1998.53 3645366_77893952.pdf,2026.04,invoice,3645366,2026-04-10,4,TON004,BSD TONIC 200MLX24,Free of Charge,,CS,1.0,0.0,0.0,20.0
/Users/xue/Downloads/Bar drinks invoices 2026.1-6/2026.04 Tennet/4.17  855.18 3650232_77940997.pdf,4.17  855.18 3650232_77940997.pdf,2026.04,invoice,3650232,2026-04-17,1,090425,T.LAGER 11G KEG,small container chg 70p incl,11G,EA,2.0,130.75,261.5,20.0
/Users/xue/Downloads/Bar drinks invoices 2026.1-6/2026.04 Tennet/4.17  855.18 3650232_77940997.pdf,4.17  855.18 3650232_77940997.pdf,2026.04,invoice,3650232,2026-04-17,1,80000672,Menabrea Bionda 0% 24x330ml,,,CS,1.0,16.99,16.99,20.0
/Users/xue/Downloads/Bar drinks invoices 2026.1-6/2026.04 Tennet/4.17  855.18 3650232_77940997.pdf,4.17  855.18 3650232_77940997.pdf,2026.04,invoice,3650232,2026-04-17,1,BAC002,BACARDI SUPERIOR RUM 1.5L x6,,,EA,1.0,34.91,34.91,20.0
/Users/xue/Downloads/Bar drinks invoices 2026.1-6/2026.04 Tennet/4.17  855.18 3650232_77940997.pdf,4.17  855.18 3650232_77940997.pdf,2026.04,invoice,3650232,2026-04-17,1,BOW003,BOWMORE 12YO 6X70,SHARED ITEM,,EA,1.0,32.59,32.59,20.0
/Users/xue/Downloads/Bar drinks invoices 2026.1-6/2026.04 Tennet/4.17  855.18 3650232_77940997.pdf,4.17  855.18 3650232_77940997.pdf,2026.04,invoice,3650232,2026-04-17,1,GOR002,GORDONS GIN 1.5L x6,,,EA,1.0,27.09,27.09,20.0
/Users/xue/Downloads/Bar drinks invoices 2026.1-6/2026.04 Tennet/4.17  855.18 3650232_77940997.pdf,4.17  855.18 3650232_77940997.pdf,2026.04,invoice,3650232,2026-04-17,1,GRO003,FAMOUS GROUSE WHKY 1.5L x6,,,EA,1.0,30.45,30.45,20.0
/Users/xue/Downloads/Bar drinks invoices 2026.1-6/2026.04 Tennet/4.17  855.18 3650232_77940997.pdf,4.17  855.18 3650232_77940997.pdf,2026.04,invoice,3650232,2026-04-17,1,JAC002,JACK DANIELS 1.5L x6,,,EA,1.0,43.9,43.9,20.0
/Users/xue/Downloads/Bar drinks invoices 2026.1-6/2026.04 Tennet/4.17  855.18 3650232_77940997.pdf,4.17  855.18 3650232_77940997.pdf,2026.04,invoice,3650232,2026-04-17,1,SPI001,CAPT MORGAN SPICED RUM 70cl x6,,,EA,1.0,12.99,12.99,20.0
/Users/xue/Downloads/Bar drinks invoices 2026.1-6/2026.04 Tennet/4.17  855.18 3650232_77940997.pdf,4.17  855.18 3650232_77940997.pdf,2026.04,invoice,3650232,2026-04-17,1,SPI002,CAPT MORGAN SPICE 1.5L x6,,,EA,1.0,27.09,27.09,20.0
/Users/xue/Downloads/Bar drinks invoices 2026.1-6/2026.04 Tennet/4.17  855.18 3650232_77940997.pdf,4.17  855.18 3650232_77940997.pdf,2026.04,invoice,3650232,2026-04-17,1,T00031626,DA LUCA PROSECCO 20X24,SHARED ITEM,,CS,1.0,61.2,61.2,20.0
/Users/xue/Downloads/Bar drinks invoices 2026.1-6/2026.04 Tennet/4.17  855.18 3650232_77940997.pdf,4.17  855.18 3650232_77940997.pdf,2026.04,invoice,3650232,2026-04-17,1,T00033841,BORGO TESIS PINOT GRIGIO 75x12,SHARED ITEM,,EA,5.0,7.34,36.7,20.0
/Users/xue/Downloads/Bar drinks invoices 2026.1-6/2026.04 Tennet/4.17  855.18 3650232_77940997.pdf,4.17  855.18 3650232_77940997.pdf,2026.04,invoice,3650232,2026-04-17,1,T00035757,SANTA RITA 8KM MERLOT 75x6,SHARED ITEM,,EA,5.0,6.3,31.5,20.0
/Users/xue/Downloads/Bar drinks invoices 2026.1-6/2026.04 Tennet/4.17  855.18 3650232_77940997.pdf,4.17  855.18 3650232_77940997.pdf,2026.04,invoice,3650232,2026-04-17,1,T00046582,GORDONS PINK 35% 1.5LX6,ALL BUSINESS UNITS,,EA,1.0,28.49,28.49,20.0
/Users/xue/Downloads/Bar drinks invoices 2026.1-6/2026.04 Tennet/4.17  855.18 3650232_77940997.pdf,4.17  855.18 3650232_77940997.pdf,2026.04,invoice,3650232,2026-04-17,2,T00046710,SANTA RITA 8KM SAUVB 12.5%75X6,MCW & BWL SHARED,,EA,6.0,6.3,37.8,20.0
/Users/xue/Downloads/Bar drinks invoices 2026.1-6/2026.04 Tennet/4.17  855.18 3650232_77940997.pdf,4.17  855.18 3650232_77940997.pdf,2026.04,invoice,3650232,2026-04-17,2,T00047689,FAMOUS GROUSE WHISKY 70X6,ALL BUSINESS UNITS,,EA,1.0,15.76,15.76,20.0
/Users/xue/Downloads/Bar drinks invoices 2026.1-6/2026.04 Tennet/4.17  855.18 3650232_77940997.pdf,4.17  855.18 3650232_77940997.pdf,2026.04,invoice,3650232,2026-04-17,2,TON005,BSD TONIC LOW CAL 200MLX24,,,CS,1.0,13.68,13.68,20.0
/Users/xue/Downloads/Bar drinks invoices 2026.1-6/2026.04 Tennet/4.17  855.18 3650232_77940997.pdf,4.17  855.18 3650232_77940997.pdf,2026.04,invoice,3650232,2026-04-17,3,T00033841,BORGO TESIS PINOT GRIGIO 75x12,Free of Charge | SHARED ITEM,,EA,1.0,0.0,0.0,20.0
/Users/xue/Downloads/Bar drinks invoices 2026.1-6/2026.04 Tennet/4.24 1096.20 3654767_77987739.pdf,4.24 1096.20 3654767_77987739.pdf,2026.04,invoice,3654767,2026-04-24,1,400751,Menabrea 4.8% 50L Keg,,50L,EA,1.0,174.01,174.01,20.0
/Users/xue/Downloads/Bar drinks invoices 2026.1-6/2026.04 Tennet/4.24 1096.20 3654767_77987739.pdf,4.24 1096.20 3654767_77987739.pdf,2026.04,invoice,3654767,2026-04-24,1,80000142,MAGNERS ORIG 24x330ml NRB,,,CS,1.0,19.44,19.44,20.0
/Users/xue/Downloads/Bar drinks invoices 2026.1-6/2026.04 Tennet/4.24 1096.20 3654767_77987739.pdf,4.24 1096.20 3654767_77987739.pdf,2026.04,invoice,3654767,2026-04-24,1,DIE008,IRN BRU DIET NRB 330X24,,,CS,1.0,19.99,19.99,20.0
/Users/xue/Downloads/Bar drinks invoices 2026.1-6/2026.04 Tennet/4.24 1096.20 3654767_77987739.pdf,4.24 1096.20 3654767_77987739.pdf,2026.04,invoice,3654767,2026-04-24,1,GUI003,Guinness Draught 30L Keg,,30L,EA,1.0,106.93,106.93,20.0
/Users/xue/Downloads/Bar drinks invoices 2026.1-6/2026.04 Tennet/4.24 1096.20 3654767_77987739.pdf,4.24 1096.20 3654767_77987739.pdf,2026.04,invoice,3654767,2026-04-24,1,IRN013,IRN BRU NRB 24 X 330ML NRB,,,CS,1.0,19.99,19.99,20.0
/Users/xue/Downloads/Bar drinks invoices 2026.1-6/2026.04 Tennet/4.24 1096.20 3654767_77987739.pdf,4.24 1096.20 3654767_77987739.pdf,2026.04,invoice,3654767,2026-04-24,1,KOP008,KOPPARB STRAW/LIME 15X500 NRB,,,CS,1.0,26.57,26.57,20.0
/Users/xue/Downloads/Bar drinks invoices 2026.1-6/2026.04 Tennet/4.24 1096.20 3654767_77987739.pdf,4.24 1096.20 3654767_77987739.pdf,2026.04,invoice,3654767,2026-04-24,1,LIM009,BVC LIME CORDIAL 1LT x12,,,CS,1.0,20.53,20.53,20.0
/Users/xue/Downloads/Bar drinks invoices 2026.1-6/2026.04 Tennet/4.24 1096.20 3654767_77987739.pdf,4.24 1096.20 3654767_77987739.pdf,2026.04,invoice,3654767,2026-04-24,1,PEP023,DIET PEPSI 24 X 200ML NRB,,,CS,1.0,12.37,12.37,20.0
/Users/xue/Downloads/Bar drinks invoices 2026.1-6/2026.04 Tennet/4.24 1096.20 3654767_77987739.pdf,4.24 1096.20 3654767_77987739.pdf,2026.04,invoice,3654767,2026-04-24,1,T00032446,PEPSI MAX 200X24,SHARED ITEM,,CS,1.0,10.76,10.76,20.0
/Users/xue/Downloads/Bar drinks invoices 2026.1-6/2026.04 Tennet/4.24 1096.20 3654767_77987739.pdf,4.24 1096.20 3654767_77987739.pdf,2026.04,invoice,3654767,2026-04-24,1,T00033841,BORGO TESIS PINOT GRIGIO 75x12,SHARED ITEM,,EA,10.0,7.34,73.4,20.0
/Users/xue/Downloads/Bar drinks invoices 2026.1-6/2026.04 Tennet/4.24 1096.20 3654767_77987739.pdf,4.24 1096.20 3654767_77987739.pdf,2026.04,invoice,3654767,2026-04-24,1,T00040844,PULPO WEST CAPE SAUV B 75X6,SHARED ITEM,,EA,10.0,6.43,64.3,20.0
/Users/xue/Downloads/Bar drinks invoices 2026.1-6/2026.04 Tennet/4.24 1096.20 3654767_77987739.pdf,4.24 1096.20 3654767_77987739.pdf,2026.04,invoice,3654767,2026-04-24,1,T00041945,EL CUYO MALBEC 75X6,SHARED ITEM,,EA,6.0,6.48,38.88,20.0
/Users/xue/Downloads/Bar drinks invoices 2026.1-6/2026.04 Tennet/4.24 1096.20 3654767_77987739.pdf,4.24 1096.20 3654767_77987739.pdf,2026.04,invoice,3654767,2026-04-24,1,T00045359,BRITVIC MIXERS BASE 7LX1,ALL BUSINESS UNITS,,EA,1.0,76.65,76.65,20.0
/Users/xue/Downloads/Bar drinks invoices 2026.1-6/2026.04 Tennet/4.24 1096.20 3654767_77987739.pdf,4.24 1096.20 3654767_77987739.pdf,2026.04,invoice,3654767,2026-04-24,2,T00045362,BRITVIC DISPENSE GINGER 5CLX1,Shared Sku,,EA,1.0,45.0,45.0,20.0
/Users/xue/Downloads/Bar drinks invoices 2026.1-6/2026.04 Tennet/4.24 1096.20 3654767_77987739.pdf,4.24 1096.20 3654767_77987739.pdf,2026.04,invoice,3654767,2026-04-24,2,T00045365,BRITVIC HALO LEMON 5CLX1,Shared Sku,,EA,1.0,45.0,45.0,20.0
/Users/xue/Downloads/Bar drinks invoices 2026.1-6/2026.04 Tennet/4.24 1096.20 3654767_77987739.pdf,4.24 1096.20 3654767_77987739.pdf,2026.04,invoice,3654767,2026-04-24,2,T00045634,BRITVIC DISPENSE TONIC 5CLX1,Shared Sku,,EA,1.0,45.0,45.0,20.0
/Users/xue/Downloads/Bar drinks invoices 2026.1-6/2026.04 Tennet/4.24 1096.20 3654767_77987739.pdf,4.24 1096.20 3654767_77987739.pdf,2026.04,invoice,3654767,2026-04-24,2,T00046734,PEPSI NRB 200x24,,,CS,1.0,13.44,13.44,20.0
/Users/xue/Downloads/Bar drinks invoices 2026.1-6/2026.04 Tennet/4.24 1096.20 3654767_77987739.pdf,4.24 1096.20 3654767_77987739.pdf,2026.04,invoice,3654767,2026-04-24,2,T00047414,LA CAMPAGNE CHARDONNAY 75x6,Shared Sku,,EA,8.0,6.21,49.68,20.0
/Users/xue/Downloads/Bar drinks invoices 2026.1-6/2026.04 Tennet/4.24 1096.20 3654767_77987739.pdf,4.24 1096.20 3654767_77987739.pdf,2026.04,invoice,3654767,2026-04-24,2,T00048731,PEPSI MAX BIB 7LX1,All Business Units,,CS,1.0,51.88,51.88,20.0
/Users/xue/Downloads/Bar drinks invoices 2026.1-6/2026.04 Tennet/4.24 1096.20 3654767_77987739.pdf,4.24 1096.20 3654767_77987739.pdf,2026.04,invoice,3654767,2026-04-24,3,T00033839,BORGO TESIS CAB/SAUV 75x12,Free of Charge | SHARED ITEM,,EA,2.0,0.0,0.0,20.0
/Users/xue/Downloads/Bar drinks invoices 2026.1-6/2026.05 Tennet/3669570_78085010.pdf,3669570_78085010.pdf,2026.05,invoice,3669570,2026-05-08,1,400890,T. Lager 24x20oz Glass,Free of Charge,,CS,1.0,0.0,0.0,20.0
/Users/xue/Downloads/Bar drinks invoices 2026.1-6/2026.05 Tennet/3669570_78085010.pdf,3669570_78085010.pdf,2026.05,invoice,3669570,2026-05-08,1,80000712,MENABREA 20oz CHALICE,Free of Charge,,CS,2.0,0.0,0.0,20.0
/Users/xue/Downloads/Bar drinks invoices 2026.1-6/2026.05 Tennet/3669570_78085010.pdf,3669570_78085010.pdf,2026.05,invoice,3669570,2026-05-08,1,TEN172,TENNENTS 10 OZ GLASSWARE X 24,Free of Charge,,CS,1.0,0.0,0.0,20.0
/Users/xue/Downloads/Bar drinks invoices 2026.1-6/2026.05 Tennet/5.01 183.92 3660738_78043265.pdf,5.01 183.92 3660738_78043265.pdf,2026.05,invoice,3660738,2026-05-01,1,BRE017,BREWDOG PUNK IPA NRB 12X330ML,,,CS,1.0,19.7,19.7,20.0
/Users/xue/Downloads/Bar drinks invoices 2026.1-6/2026.05 Tennet/5.01 183.92 3660738_78043265.pdf,5.01 183.92 3660738_78043265.pdf,2026.05,invoice,3660738,2026-05-01,1,GUI004,GUINNESS DRAUGHT 0% CAN 440X24,SHARED ITEM,,CS,2.0,23.0,46.0,20.0
/Users/xue/Downloads/Bar drinks invoices 2026.1-6/2026.05 Tennet/5.01 183.92 3660738_78043265.pdf,5.01 183.92 3660738_78043265.pdf,2026.05,invoice,3660738,2026-05-01,1,SEV006,7 UP FREE 24X330ML NRB,SHARED ITEM,,CS,1.0,18.05,18.05,20.0
/Users/xue/Downloads/Bar drinks invoices 2026.1-6/2026.05 Tennet/5.01 183.92 3660738_78043265.pdf,5.01 183.92 3660738_78043265.pdf,2026.05,invoice,3660738,2026-05-01,1,T00046710,SANTA RITA 8KM SAUVB 12.5%75X6,MCW & BWL SHARED,,EA,10.0,6.3,63.0,20.0
/Users/xue/Downloads/Bar drinks invoices 2026.1-6/2026.05 Tennet/5.01 183.92 3660738_78043265.pdf,5.01 183.92 3660738_78043265.pdf,2026.05,invoice,3660738,2026-05-01,2,FUN051,FUNKIN GOMM S/CANE SYRUP6X70CL,,,EA,2.0,3.91,7.82,
/Users/xue/Downloads/Bar drinks invoices 2026.1-6/2026.05 Tennet/5.01 4063.79 3660286_78042815.pdf,5.01 4063.79 3660286_78042815.pdf,2026.05,invoice,3660286,2026-05-01,1,090425,T.LAGER 11G KEG,small container chg 70p incl,11G,EA,2.0,130.75,261.5,20.0
/Users/xue/Downloads/Bar drinks invoices 2026.1-6/2026.05 Tennet/5.01 4063.79 3660286_78042815.pdf,5.01 4063.79 3660286_78042815.pdf,2026.05,invoice,3660286,2026-05-01,1,400745,Caledonia Best 30L Keg,,30L,EA,2.0,55.45,110.9,20.0
/Users/xue/Downloads/Bar drinks invoices 2026.1-6/2026.05 Tennet/5.01 4063.79 3660286_78042815.pdf,5.01 4063.79 3660286_78042815.pdf,2026.05,invoice,3660286,2026-05-01,1,400751,Menabrea 4.8% 50L Keg,,50L,EA,2.0,174.01,348.02,20.0
/Users/xue/Downloads/Bar drinks invoices 2026.1-6/2026.05 Tennet/5.01 4063.79 3660286_78042815.pdf,5.01 4063.79 3660286_78042815.pdf,2026.05,invoice,3660286,2026-05-01,1,80000142,MAGNERS ORIG 24x330ml NRB,,,CS,8.0,19.44,155.52,20.0
/Users/xue/Downloads/Bar drinks invoices 2026.1-6/2026.05 Tennet/5.01 4063.79 3660286_78042815.pdf,5.01 4063.79 3660286_78042815.pdf,2026.05,invoice,3660286,2026-05-01,1,80000672,Menabrea Bionda 0% 24x330ml,,,CS,1.0,16.99,16.99,20.0
/Users/xue/Downloads/Bar drinks invoices 2026.1-6/2026.05 Tennet/5.01 4063.79 3660286_78042815.pdf,5.01 4063.79 3660286_78042815.pdf,2026.05,invoice,3660286,2026-05-01,1,APE002,APEROL 6X70CL,,,EA,2.0,13.34,26.68,20.0
/Users/xue/Downloads/Bar drinks invoices 2026.1-6/2026.05 Tennet/5.01 4063.79 3660286_78042815.pdf,5.01 4063.79 3660286_78042815.pdf,2026.05,invoice,3660286,2026-05-01,1,BAI001,BAILEYS IRISH CRM 70cl x6,,,EA,2.0,13.09,26.18,20.0
/Users/xue/Downloads/Bar drinks invoices 2026.1-6/2026.05 Tennet/5.01 4063.79 3660286_78042815.pdf,5.01 4063.79 3660286_78042815.pdf,2026.05,invoice,3660286,2026-05-01,1,BLAC06,J.W. BLACK LABEL 6X70CL,,,EA,1.0,25.94,25.94,20.0
/Users/xue/Downloads/Bar drinks invoices 2026.1-6/2026.05 Tennet/5.01 4063.79 3660286_78042815.pdf,5.01 4063.79 3660286_78042815.pdf,2026.05,invoice,3660286,2026-05-01,1,BRE017,BREWDOG PUNK IPA NRB 12X330ML,,,CS,2.0,19.7,39.4,20.0
/Users/xue/Downloads/Bar drinks invoices 2026.1-6/2026.05 Tennet/5.01 4063.79 3660286_78042815.pdf,5.01 4063.79 3660286_78042815.pdf,2026.05,invoice,3660286,2026-05-01,1,BUD010,BUDWEISER 4.5% 24X330ML,,,CS,6.0,22.77,136.62,20.0
/Users/xue/Downloads/Bar drinks invoices 2026.1-6/2026.05 Tennet/5.01 4063.79 3660286_78042815.pdf,5.01 4063.79 3660286_78042815.pdf,2026.05,invoice,3660286,2026-05-01,1,COR008,Corona Beer 24x330ml NRB ABI,,,CS,6.0,26.05,156.3,20.0
/Users/xue/Downloads/Bar drinks invoices 2026.1-6/2026.05 Tennet/5.01 4063.79 3660286_78042815.pdf,5.01 4063.79 3660286_78042815.pdf,2026.05,invoice,3660286,2026-05-01,1,DIE008,IRN BRU DIET NRB 330X24,,,CS,1.0,19.99,19.99,20.0
/Users/xue/Downloads/Bar drinks invoices 2026.1-6/2026.05 Tennet/5.01 4063.79 3660286_78042815.pdf,5.01 4063.79 3660286_78042815.pdf,2026.05,invoice,3660286,2026-05-01,1,DRA001,DRAMBUIE 70cl x6,,,EA,6.0,19.99,119.94,20.0
/Users/xue/Downloads/Bar drinks invoices 2026.1-6/2026.05 Tennet/5.01 4063.79 3660286_78042815.pdf,5.01 4063.79 3660286_78042815.pdf,2026.05,invoice,3660286,2026-05-01,1,FAN015,FANTA ORANGE ICON 24X330 NRB,,,CS,1.0,16.49,16.49,20.0
/Users/xue/Downloads/Bar drinks invoices 2026.1-6/2026.05 Tennet/5.01 4063.79 3660286_78042815.pdf,5.01 4063.79 3660286_78042815.pdf,2026.05,invoice,3660286,2026-05-01,1,GIN029,BSD GINGER BEER 200MLX24,,,CS,1.0,16.87,16.87,20.0
/Users/xue/Downloads/Bar drinks invoices 2026.1-6/2026.05 Tennet/5.01 4063.79 3660286_78042815.pdf,5.01 4063.79 3660286_78042815.pdf,2026.05,invoice,3660286,2026-05-01,1,GOR003,GORDONS GIN 70cl x 6,,,EA,4.0,12.99,51.96,20.0
/Users/xue/Downloads/Bar drinks invoices 2026.1-6/2026.05 Tennet/5.01 4063.79 3660286_78042815.pdf,5.01 4063.79 3660286_78042815.pdf,2026.05,invoice,3660286,2026-05-01,1,GUI003,Guinness Draught 30L Keg,,30L,EA,1.0,106.93,106.93,20.0
/Users/xue/Downloads/Bar drinks invoices 2026.1-6/2026.05 Tennet/5.01 4063.79 3660286_78042815.pdf,5.01 4063.79 3660286_78042815.pdf,2026.05,invoice,3660286,2026-05-01,1,HEN009,HENDRICKS GIN 6X70CL,,,EA,1.0,23.49,23.49,20.0
/Users/xue/Downloads/Bar drinks invoices 2026.1-6/2026.05 Tennet/5.01 4063.79 3660286_78042815.pdf,5.01 4063.79 3660286_78042815.pdf,2026.05,invoice,3660286,2026-05-01,2,IRN013,IRN BRU NRB 24 X 330ML NRB,,,CS,2.0,19.99,39.98,20.0
/Users/xue/Downloads/Bar drinks invoices 2026.1-6/2026.05 Tennet/5.01 4063.79 3660286_78042815.pdf,5.01 4063.79 3660286_78042815.pdf,2026.05,invoice,3660286,2026-05-01,2,JAC001,JACK DANIELS 70cl x6,,,EA,1.0,18.99,18.99,20.0
/Users/xue/Downloads/Bar drinks invoices 2026.1-6/2026.05 Tennet/5.01 4063.79 3660286_78042815.pdf,5.01 4063.79 3660286_78042815.pdf,2026.05,invoice,3660286,2026-05-01,2,JAM001,JAMESONS WHISKEY 70cl x6,,,EA,1.0,17.89,17.89,20.0
/Users/xue/Downloads/Bar drinks invoices 2026.1-6/2026.05 Tennet/5.01 4063.79 3660286_78042815.pdf,5.01 4063.79 3660286_78042815.pdf,2026.05,invoice,3660286,2026-05-01,2,KOP003,KOPPARB MIXED FRUIT 15X500 NRB,,,CS,3.0,26.57,79.71,20.0
/Users/xue/Downloads/Bar drinks invoices 2026.1-6/2026.05 Tennet/5.01 4063.79 3660286_78042815.pdf,5.01 4063.79 3660286_78042815.pdf,2026.05,invoice,3660286,2026-05-01,2,KOP008,KOPPARB STRAW/LIME 15X500 NRB,,,CS,3.0,26.57,79.71,20.0
/Users/xue/Downloads/Bar drinks invoices 2026.1-6/2026.05 Tennet/5.01 4063.79 3660286_78042815.pdf,5.01 4063.79 3660286_78042815.pdf,2026.05,invoice,3660286,2026-05-01,2,KRA001,KRAKEN SPICED DARK RUM 6X70CL,,,EA,1.0,18.49,18.49,20.0
/Users/xue/Downloads/Bar drinks invoices 2026.1-6/2026.05 Tennet/5.01 4063.79 3660286_78042815.pdf,5.01 4063.79 3660286_78042815.pdf,2026.05,invoice,3660286,2026-05-01,2,M10341,Menabrea Blonde 4.8% 24x330ml,,,CS,3.0,23.99,71.97,20.0
/Users/xue/Downloads/Bar drinks invoices 2026.1-6/2026.05 Tennet/5.01 4063.79 3660286_78042815.pdf,5.01 4063.79 3660286_78042815.pdf,2026.05,invoice,3660286,2026-05-01,2,PAS001,PASSOA 6X70CL,,,EA,1.0,12.94,12.94,20.0
/Users/xue/Downloads/Bar drinks invoices 2026.1-6/2026.05 Tennet/5.01 4063.79 3660286_78042815.pdf,5.01 4063.79 3660286_78042815.pdf,2026.05,invoice,3660286,2026-05-01,2,PEP023,DIET PEPSI 24 X 200ML NRB,,,CS,2.0,12.37,24.74,20.0
/Users/xue/Downloads/Bar drinks invoices 2026.1-6/2026.05 Tennet/5.01 4063.79 3660286_78042815.pdf,5.01 4063.79 3660286_78042815.pdf,2026.05,invoice,3660286,2026-05-01,2,PER024,PERONI NASTRO AZZURO GF 330X24,,,CS,2.0,34.33,68.66,20.0
/Users/xue/Downloads/Bar drinks invoices 2026.1-6/2026.05 Tennet/5.01 4063.79 3660286_78042815.pdf,5.01 4063.79 3660286_78042815.pdf,2026.05,invoice,3660286,2026-05-01,2,RED002,J.W. RED LABEL 6X70CL,,,EA,1.0,18.66,18.66,20.0
/Users/xue/Downloads/Bar drinks invoices 2026.1-6/2026.05 Tennet/5.01 4063.79 3660286_78042815.pdf,5.01 4063.79 3660286_78042815.pdf,2026.05,invoice,3660286,2026-05-01,2,SMIR03,Smirnoff - Red 6x70cl,,,EA,6.0,12.99,77.94,20.0
/Users/xue/Downloads/Bar drinks invoices 2026.1-6/2026.05 Tennet/5.01 4063.79 3660286_78042815.pdf,5.01 4063.79 3660286_78042815.pdf,2026.05,invoice,3660286,2026-05-01,2,SPI001,CAPT MORGAN SPICED RUM 70cl x6,,,EA,1.0,12.99,12.99,20.0
/Users/xue/Downloads/Bar drinks invoices 2026.1-6/2026.05 Tennet/5.01 4063.79 3660286_78042815.pdf,5.01 4063.79 3660286_78042815.pdf,2026.05,invoice,3660286,2026-05-01,2,STR047,STRATHMORE STILL 12 X 75CL,,,CS,1.0,12.22,12.22,20.0
/Users/xue/Downloads/Bar drinks invoices 2026.1-6/2026.05 Tennet/5.01 4063.79 3660286_78042815.pdf,5.01 4063.79 3660286_78042815.pdf,2026.05,invoice,3660286,2026-05-01,2,T00014703,ALFIERI MARSALA 75x6,"MCW, CDC & BWL SHARED",,EA,1.0,8.98,8.98,20.0
/Users/xue/Downloads/Bar drinks invoices 2026.1-6/2026.05 Tennet/5.01 4063.79 3660286_78042815.pdf,5.01 4063.79 3660286_78042815.pdf,2026.05,invoice,3660286,2026-05-01,2,T00029357,DA LUCA PROSECCO 75X6,SHARED ITEM,,EA,12.0,7.86,94.32,20.0
/Users/xue/Downloads/Bar drinks invoices 2026.1-6/2026.05 Tennet/5.01 4063.79 3660286_78042815.pdf,5.01 4063.79 3660286_78042815.pdf,2026.05,invoice,3660286,2026-05-01,2,T00031626,DA LUCA PROSECCO 20X24,SHARED ITEM,,CS,2.0,61.2,122.4,20.0
/Users/xue/Downloads/Bar drinks invoices 2026.1-6/2026.05 Tennet/5.01 4063.79 3660286_78042815.pdf,5.01 4063.79 3660286_78042815.pdf,2026.05,invoice,3660286,2026-05-01,3,T00032446,PEPSI MAX 200X24,SHARED ITEM,,CS,1.0,10.76,10.76,20.0
/Users/xue/Downloads/Bar drinks invoices 2026.1-6/2026.05 Tennet/5.01 4063.79 3660286_78042815.pdf,5.01 4063.79 3660286_78042815.pdf,2026.05,invoice,3660286,2026-05-01,3,T00033841,BORGO TESIS PINOT GRIGIO 75x12,SHARED ITEM,,EA,24.0,7.34,176.16,20.0
/Users/xue/Downloads/Bar drinks invoices 2026.1-6/2026.05 Tennet/5.01 4063.79 3660286_78042815.pdf,5.01 4063.79 3660286_78042815.pdf,2026.05,invoice,3660286,2026-05-01,3,T00041945,EL CUYO MALBEC 75X6,SHARED ITEM,,EA,10.0,6.48,64.8,20.0
/Users/xue/Downloads/Bar drinks invoices 2026.1-6/2026.05 Tennet/5.01 4063.79 3660286_78042815.pdf,5.01 4063.79 3660286_78042815.pdf,2026.05,invoice,3660286,2026-05-01,3,T00044132,TANQUERAY LONDN DRY 41.3% 70X6,ALL BUSINESS UNITS,,EA,1.0,17.21,17.21,20.0
/Users/xue/Downloads/Bar drinks invoices 2026.1-6/2026.05 Tennet/5.01 4063.79 3660286_78042815.pdf,5.01 4063.79 3660286_78042815.pdf,2026.05,invoice,3660286,2026-05-01,3,T00045153,MALIBU 70x6,SHARED SKU,,EA,1.0,13.22,13.22,20.0
/Users/xue/Downloads/Bar drinks invoices 2026.1-6/2026.05 Tennet/5.01 4063.79 3660286_78042815.pdf,5.01 4063.79 3660286_78042815.pdf,2026.05,invoice,3660286,2026-05-01,3,T00045359,BRITVIC MIXERS BASE 7LX1,ALL BUSINESS UNITS,,EA,1.0,76.65,76.65,20.0
/Users/xue/Downloads/Bar drinks invoices 2026.1-6/2026.05 Tennet/5.01 4063.79 3660286_78042815.pdf,5.01 4063.79 3660286_78042815.pdf,2026.05,invoice,3660286,2026-05-01,3,T00046000,CRABBIES GING BEER 3.4% 500X12,ALL BUSINESS UNITS,,CS,2.0,15.54,31.08,20.0
/Users/xue/Downloads/Bar drinks invoices 2026.1-6/2026.05 Tennet/5.01 4063.79 3660286_78042815.pdf,5.01 4063.79 3660286_78042815.pdf,2026.05,invoice,3660286,2026-05-01,3,T00046001,MAGLIA ROSA BLUSH 10.5% 75X12,SHARED ITEM,,EA,6.0,5.46,32.76,20.0
/Users/xue/Downloads/Bar drinks invoices 2026.1-6/2026.05 Tennet/5.01 4063.79 3660286_78042815.pdf,5.01 4063.79 3660286_78042815.pdf,2026.05,invoice,3660286,2026-05-01,3,T00046200,WHISP HILLS WHT ZINF 8% 75X6,SHARED ITEM,,EA,8.0,4.09,32.72,20.0
/Users/xue/Downloads/Bar drinks invoices 2026.1-6/2026.05 Tennet/5.01 4063.79 3660286_78042815.pdf,5.01 4063.79 3660286_78042815.pdf,2026.05,invoice,3660286,2026-05-01,3,T00046734,PEPSI NRB 200x24,,,CS,2.0,13.44,26.88,20.0
/Users/xue/Downloads/Bar drinks invoices 2026.1-6/2026.05 Tennet/5.01 4063.79 3660286_78042815.pdf,5.01 4063.79 3660286_78042815.pdf,2026.05,invoice,3660286,2026-05-01,4,T00047414,LA CAMPAGNE CHARDONNAY 75x6,Shared Sku,,EA,12.0,6.21,74.52,20.0
/Users/xue/Downloads/Bar drinks invoices 2026.1-6/2026.05 Tennet/5.01 4063.79 3660286_78042815.pdf,5.01 4063.79 3660286_78042815.pdf,2026.05,invoice,3660286,2026-05-01,4,T00047627,LA CAMPAGNE MERLOT 75x6,SHARED SKU,,EA,10.0,6.29,62.9,20.0
/Users/xue/Downloads/Bar drinks invoices 2026.1-6/2026.05 Tennet/5.01 4063.79 3660286_78042815.pdf,5.01 4063.79 3660286_78042815.pdf,2026.05,invoice,3660286,2026-05-01,4,TEQ001,TEQUILA ROSE 6X70CL,,,EA,4.0,12.99,51.96,20.0
/Users/xue/Downloads/Bar drinks invoices 2026.1-6/2026.05 Tennet/5.01 4063.79 3660286_78042815.pdf,5.01 4063.79 3660286_78042815.pdf,2026.05,invoice,3660286,2026-05-01,4,TIA001,TIA MARIA 20% 70cl x6,,,EA,5.0,16.4,82.0,20.0
/Users/xue/Downloads/Bar drinks invoices 2026.1-6/2026.05 Tennet/5.01 4063.79 3660286_78042815.pdf,5.01 4063.79 3660286_78042815.pdf,2026.05,invoice,3660286,2026-05-01,4,WIL008,WILDWOOD SHIRAZ 6X75CL,,,EA,20.0,9.63,192.57,20.0
/Users/xue/Downloads/Bar drinks invoices 2026.1-6/2026.05 Tennet/5.01 4063.79 3660286_78042815.pdf,5.01 4063.79 3660286_78042815.pdf,2026.05,invoice,3660286,2026-05-01,5,T00033839,BORGO TESIS CAB/SAUV 75x12,Free of Charge | SHARED ITEM,,EA,4.0,0.0,0.0,20.0
/Users/xue/Downloads/Bar drinks invoices 2026.1-6/2026.05 Tennet/5.01 4063.79 3660286_78042815.pdf,5.01 4063.79 3660286_78042815.pdf,2026.05,invoice,3660286,2026-05-01,5,T00049433,KOPPARBERG MANGO NRB 500X15,Free of Charge | All Business Units,,CS,1.0,0.0,0.0,20.0
/Users/xue/Downloads/Bar drinks invoices 2026.1-6/2026.05 Tennet/5.01 4063.79 3660286_78042815.pdf,5.01 4063.79 3660286_78042815.pdf,2026.05,invoice,3660286,2026-05-01,5,TON004,BSD TONIC 200MLX24,Free of Charge,,CS,1.0,0.0,0.0,20.0
/Users/xue/Downloads/Bar drinks invoices 2026.1-6/2026.05 Tennet/5.08 1086.17 3669469_78084909.pdf,5.08 1086.17 3669469_78084909.pdf,2026.05,invoice,3669469,2026-05-08,1,090425,T.LAGER 11G KEG,small container chg 70p incl,11G,EA,1.0,130.75,130.75,20.0
/Users/xue/Downloads/Bar drinks invoices 2026.1-6/2026.05 Tennet/5.08 1086.17 3669469_78084909.pdf,5.08 1086.17 3669469_78084909.pdf,2026.05,invoice,3669469,2026-05-08,1,400745,Caledonia Best 30L Keg,,30L,EA,1.0,55.45,55.45,20.0
/Users/xue/Downloads/Bar drinks invoices 2026.1-6/2026.05 Tennet/5.08 1086.17 3669469_78084909.pdf,5.08 1086.17 3669469_78084909.pdf,2026.05,invoice,3669469,2026-05-08,1,400751,Menabrea 4.8% 50L Keg,,50L,EA,1.0,174.01,174.01,20.0
/Users/xue/Downloads/Bar drinks invoices 2026.1-6/2026.05 Tennet/5.08 1086.17 3669469_78084909.pdf,5.08 1086.17 3669469_78084909.pdf,2026.05,invoice,3669469,2026-05-08,1,DIE008,IRN BRU DIET NRB 330X24,,,CS,1.0,20.26,20.26,20.0
/Users/xue/Downloads/Bar drinks invoices 2026.1-6/2026.05 Tennet/5.08 1086.17 3669469_78084909.pdf,5.08 1086.17 3669469_78084909.pdf,2026.05,invoice,3669469,2026-05-08,1,IRN013,IRN BRU NRB 24 X 330ML NRB,,,CS,1.0,20.26,20.26,20.0
/Users/xue/Downloads/Bar drinks invoices 2026.1-6/2026.05 Tennet/5.08 1086.17 3669469_78084909.pdf,5.08 1086.17 3669469_78084909.pdf,2026.05,invoice,3669469,2026-05-08,1,PEP023,DIET PEPSI 24 X 200ML NRB,,,CS,1.0,12.37,12.37,20.0
/Users/xue/Downloads/Bar drinks invoices 2026.1-6/2026.05 Tennet/5.08 1086.17 3669469_78084909.pdf,5.08 1086.17 3669469_78084909.pdf,2026.05,invoice,3669469,2026-05-08,1,SEV006,7 UP FREE 24X330ML NRB,SHARED ITEM,,CS,1.0,18.05,18.05,20.0
/Users/xue/Downloads/Bar drinks invoices 2026.1-6/2026.05 Tennet/5.08 1086.17 3669469_78084909.pdf,5.08 1086.17 3669469_78084909.pdf,2026.05,invoice,3669469,2026-05-08,1,T00032446,PEPSI MAX 200X24,SHARED ITEM,,CS,1.0,10.76,10.76,20.0
/Users/xue/Downloads/Bar drinks invoices 2026.1-6/2026.05 Tennet/5.08 1086.17 3669469_78084909.pdf,5.08 1086.17 3669469_78084909.pdf,2026.05,invoice,3669469,2026-05-08,1,T00033841,BORGO TESIS PINOT GRIGIO 75x12,SHARED ITEM,,EA,8.0,7.34,58.72,20.0
/Users/xue/Downloads/Bar drinks invoices 2026.1-6/2026.05 Tennet/5.08 1086.17 3669469_78084909.pdf,5.08 1086.17 3669469_78084909.pdf,2026.05,invoice,3669469,2026-05-08,1,T00035765,ALMA MORA RESERVE MALBEC 75X6,SHARED ITEM,,EA,6.0,8.04,48.24,20.0
/Users/xue/Downloads/Bar drinks invoices 2026.1-6/2026.05 Tennet/5.08 1086.17 3669469_78084909.pdf,5.08 1086.17 3669469_78084909.pdf,2026.05,invoice,3669469,2026-05-08,1,T00046001,MAGLIA ROSA BLUSH 10.5% 75X12,SHARED ITEM,,EA,6.0,5.46,32.76,20.0
/Users/xue/Downloads/Bar drinks invoices 2026.1-6/2026.05 Tennet/5.08 1086.17 3669469_78084909.pdf,5.08 1086.17 3669469_78084909.pdf,2026.05,invoice,3669469,2026-05-08,1,T00046200,WHISP HILLS WHT ZINF 8% 75X6,SHARED ITEM,,EA,6.0,4.09,24.54,20.0
/Users/xue/Downloads/Bar drinks invoices 2026.1-6/2026.05 Tennet/5.08 1086.17 3669469_78084909.pdf,5.08 1086.17 3669469_78084909.pdf,2026.05,invoice,3669469,2026-05-08,2,T00046710,SANTA RITA 8KM SAUVB 12.5%75X6,MCW & BWL SHARED,,EA,8.0,6.3,50.4,20.0
/Users/xue/Downloads/Bar drinks invoices 2026.1-6/2026.05 Tennet/5.08 1086.17 3669469_78084909.pdf,5.08 1086.17 3669469_78084909.pdf,2026.05,invoice,3669469,2026-05-08,2,T00046734,PEPSI NRB 200x24,,,CS,2.0,13.44,26.88,20.0
/Users/xue/Downloads/Bar drinks invoices 2026.1-6/2026.05 Tennet/5.08 1086.17 3669469_78084909.pdf,5.08 1086.17 3669469_78084909.pdf,2026.05,invoice,3669469,2026-05-08,2,T00047414,LA CAMPAGNE CHARDONNAY 75x6,Shared Sku,,EA,6.0,6.21,37.26,20.0
/Users/xue/Downloads/Bar drinks invoices 2026.1-6/2026.05 Tennet/5.08 1086.17 3669469_78084909.pdf,5.08 1086.17 3669469_78084909.pdf,2026.05,invoice,3669469,2026-05-08,2,T00047627,LA CAMPAGNE MERLOT 75x6,SHARED SKU,,EA,6.0,6.29,37.74,20.0
/Users/xue/Downloads/Bar drinks invoices 2026.1-6/2026.05 Tennet/5.08 1086.17 3669469_78084909.pdf,5.08 1086.17 3669469_78084909.pdf,2026.05,invoice,3669469,2026-05-08,2,T00048728,R WHITES SUGAR FREE BIB 7LX1,All Business Units,,CS,1.0,42.94,42.94,20.0
/Users/xue/Downloads/Bar drinks invoices 2026.1-6/2026.05 Tennet/5.08 1086.17 3669469_78084909.pdf,5.08 1086.17 3669469_78084909.pdf,2026.05,invoice,3669469,2026-05-08,2,T00048731,PEPSI MAX BIB 7LX1,All Business Units,,CS,2.0,51.88,103.76,20.0
/Users/xue/Downloads/Bar drinks invoices 2026.1-6/2026.05 Tennet/5.15 708.66 3674410_78131825.pdf,5.15 708.66 3674410_78131825.pdf,2026.05,invoice,3674410,2026-05-15,1,090425,T.LAGER 11G KEG,small container chg 70p incl,11G,EA,1.0,130.75,130.75,20.0
/Users/xue/Downloads/Bar drinks invoices 2026.1-6/2026.05 Tennet/5.15 708.66 3674410_78131825.pdf,5.15 708.66 3674410_78131825.pdf,2026.05,invoice,3674410,2026-05-15,1,400751,Menabrea 4.8% 50L Keg,,50L,EA,1.0,174.01,174.01,20.0
/Users/xue/Downloads/Bar drinks invoices 2026.1-6/2026.05 Tennet/5.15 708.66 3674410_78131825.pdf,5.15 708.66 3674410_78131825.pdf,2026.05,invoice,3674410,2026-05-15,1,GUI003,Guinness Draught 30L Keg,,30L,EA,2.0,106.93,213.86,20.0
/Users/xue/Downloads/Bar drinks invoices 2026.1-6/2026.05 Tennet/5.15 708.66 3674410_78131825.pdf,5.15 708.66 3674410_78131825.pdf,2026.05,invoice,3674410,2026-05-15,1,KRA001,KRAKEN SPICED DARK RUM 6X70CL,,,EA,1.0,20.49,20.49,20.0
/Users/xue/Downloads/Bar drinks invoices 2026.1-6/2026.05 Tennet/5.15 708.66 3674410_78131825.pdf,5.15 708.66 3674410_78131825.pdf,2026.05,invoice,3674410,2026-05-15,1,T00040844,PULPO WEST CAPE SAUV B 75X6,SHARED ITEM,,EA,8.0,6.43,51.44,20.0
/Users/xue/Downloads/Bar drinks invoices 2026.1-6/2026.05 Tennet/5.22 1737.92 3679196_78173360.pdf,5.22 1737.92 3679196_78173360.pdf,2026.05,invoice,3679196,2026-05-22,1,090425,T.LAGER 11G KEG,small container chg 70p incl,11G,EA,1.0,130.75,130.75,20.0
/Users/xue/Downloads/Bar drinks invoices 2026.1-6/2026.05 Tennet/5.22 1737.92 3679196_78173360.pdf,5.22 1737.92 3679196_78173360.pdf,2026.05,invoice,3679196,2026-05-22,1,400522,O&G PROSECCO BRUT (FC) 6X75CL,,,CS,3.0,34.67,104.01,20.0
/Users/xue/Downloads/Bar drinks invoices 2026.1-6/2026.05 Tennet/5.22 1737.92 3679196_78173360.pdf,5.22 1737.92 3679196_78173360.pdf,2026.05,invoice,3679196,2026-05-22,1,400745,Caledonia Best 30L Keg,,30L,EA,3.0,55.45,166.35,20.0
/Users/xue/Downloads/Bar drinks invoices 2026.1-6/2026.05 Tennet/5.22 1737.92 3679196_78173360.pdf,5.22 1737.92 3679196_78173360.pdf,2026.05,invoice,3679196,2026-05-22,1,COR008,Corona Beer 24x330ml NRB ABI,,,CS,1.0,22.89,22.89,20.0
/Users/xue/Downloads/Bar drinks invoices 2026.1-6/2026.05 Tennet/5.22 1737.92 3679196_78173360.pdf,5.22 1737.92 3679196_78173360.pdf,2026.05,invoice,3679196,2026-05-22,1,GLE001,GLENFIDDICH MALT WHKY 70cl x6,,,EA,1.0,26.99,26.99,20.0
/Users/xue/Downloads/Bar drinks invoices 2026.1-6/2026.05 Tennet/5.22 1737.92 3679196_78173360.pdf,5.22 1737.92 3679196_78173360.pdf,2026.05,invoice,3679196,2026-05-22,1,GUI003,Guinness Draught 30L Keg,,30L,EA,3.0,106.93,320.79,20.0
/Users/xue/Downloads/Bar drinks invoices 2026.1-6/2026.05 Tennet/5.22 1737.92 3679196_78173360.pdf,5.22 1737.92 3679196_78173360.pdf,2026.05,invoice,3679196,2026-05-22,1,GUI004,GUINNESS DRAUGHT 0% CAN 440X24,SHARED ITEM,,CS,1.0,23.0,23.0,20.0
/Users/xue/Downloads/Bar drinks invoices 2026.1-6/2026.05 Tennet/5.22 1737.92 3679196_78173360.pdf,5.22 1737.92 3679196_78173360.pdf,2026.05,invoice,3679196,2026-05-22,1,J2O003,BVC J20 ORA+PASS 24X275ML NRB,,,CS,1.0,21.15,21.15,20.0
/Users/xue/Downloads/Bar drinks invoices 2026.1-6/2026.05 Tennet/5.22 1737.92 3679196_78173360.pdf,5.22 1737.92 3679196_78173360.pdf,2026.05,invoice,3679196,2026-05-22,1,JAM001,JAMESONS WHISKEY 70cl x6,,,EA,1.0,21.47,21.47,20.0
/Users/xue/Downloads/Bar drinks invoices 2026.1-6/2026.05 Tennet/5.22 1737.92 3679196_78173360.pdf,5.22 1737.92 3679196_78173360.pdf,2026.05,invoice,3679196,2026-05-22,1,M10341,Menabrea Blonde 4.8% 24x330ml,,,CS,1.0,26.91,26.91,20.0
/Users/xue/Downloads/Bar drinks invoices 2026.1-6/2026.05 Tennet/5.22 1737.92 3679196_78173360.pdf,5.22 1737.92 3679196_78173360.pdf,2026.05,invoice,3679196,2026-05-22,1,NEW002,NEWCASTLE BROWN A 12X550ML NRB,,,CS,3.0,21.66,64.98,20.0
/Users/xue/Downloads/Bar drinks invoices 2026.1-6/2026.05 Tennet/5.22 1737.92 3679196_78173360.pdf,5.22 1737.92 3679196_78173360.pdf,2026.05,invoice,3679196,2026-05-22,1,PAD005,PADDOCK CHARDONNAY 6X75CL,,,EA,6.0,5.11,30.66,20.0
/Users/xue/Downloads/Bar drinks invoices 2026.1-6/2026.05 Tennet/5.22 1737.92 3679196_78173360.pdf,5.22 1737.92 3679196_78173360.pdf,2026.05,invoice,3679196,2026-05-22,1,PAD006,PADDOCK SHIRAZ 75X6,,,EA,8.0,5.03,40.24,20.0
/Users/xue/Downloads/Bar drinks invoices 2026.1-6/2026.05 Tennet/5.22 1737.92 3679196_78173360.pdf,5.22 1737.92 3679196_78173360.pdf,2026.05,invoice,3679196,2026-05-22,1,SPI001,CAPT MORGAN SPICED RUM 70cl x6,,,EA,2.0,12.99,25.98,20.0
/Users/xue/Downloads/Bar drinks invoices 2026.1-6/2026.05 Tennet/5.22 1737.92 3679196_78173360.pdf,5.22 1737.92 3679196_78173360.pdf,2026.05,invoice,3679196,2026-05-22,1,T00029357,DA LUCA PROSECCO 75X6,SHARED ITEM,,EA,6.0,7.86,47.16,20.0
/Users/xue/Downloads/Bar drinks invoices 2026.1-6/2026.05 Tennet/5.22 1737.92 3679196_78173360.pdf,5.22 1737.92 3679196_78173360.pdf,2026.05,invoice,3679196,2026-05-22,2,T00031626,DA LUCA PROSECCO 20X24,SHARED ITEM,,CS,1.0,61.2,61.2,20.0
/Users/xue/Downloads/Bar drinks invoices 2026.1-6/2026.05 Tennet/5.22 1737.92 3679196_78173360.pdf,5.22 1737.92 3679196_78173360.pdf,2026.05,invoice,3679196,2026-05-22,2,T00040844,PULPO WEST CAPE SAUV B 75X6,SHARED ITEM,,EA,7.0,6.43,45.01,20.0
/Users/xue/Downloads/Bar drinks invoices 2026.1-6/2026.05 Tennet/5.22 1737.92 3679196_78173360.pdf,5.22 1737.92 3679196_78173360.pdf,2026.05,invoice,3679196,2026-05-22,2,T00041945,EL CUYO MALBEC 75X6,SHARED ITEM,,EA,6.0,6.48,38.88,20.0
/Users/xue/Downloads/Bar drinks invoices 2026.1-6/2026.05 Tennet/5.22 1737.92 3679196_78173360.pdf,5.22 1737.92 3679196_78173360.pdf,2026.05,invoice,3679196,2026-05-22,2,T00046001,MAGLIA ROSA BLUSH 10.5% 75X12,SHARED ITEM,,EA,5.0,5.46,27.3,20.0
/Users/xue/Downloads/Bar drinks invoices 2026.1-6/2026.05 Tennet/5.22 1737.92 3679196_78173360.pdf,5.22 1737.92 3679196_78173360.pdf,2026.05,invoice,3679196,2026-05-22,2,T00046200,WHISP HILLS WHT ZINF 8% 75X6,SHARED ITEM,,EA,8.0,4.09,32.72,20.0
/Users/xue/Downloads/Bar drinks invoices 2026.1-6/2026.05 Tennet/5.22 1737.92 3679196_78173360.pdf,5.22 1737.92 3679196_78173360.pdf,2026.05,invoice,3679196,2026-05-22,2,T00047414,LA CAMPAGNE CHARDONNAY 75x6,Shared Sku,,EA,6.0,6.21,37.26,20.0
/Users/xue/Downloads/Bar drinks invoices 2026.1-6/2026.05 Tennet/5.22 1737.92 3679196_78173360.pdf,5.22 1737.92 3679196_78173360.pdf,2026.05,invoice,3679196,2026-05-22,2,T00047627,LA CAMPAGNE MERLOT 75x6,SHARED SKU,,EA,6.0,6.29,37.74,20.0
/Users/xue/Downloads/Bar drinks invoices 2026.1-6/2026.05 Tennet/5.22 1737.92 3679196_78173360.pdf,5.22 1737.92 3679196_78173360.pdf,2026.05,invoice,3679196,2026-05-22,2,T00048728,R WHITES SUGAR FREE BIB 7LX1,All Business Units,,CS,1.0,42.94,42.94,20.0
/Users/xue/Downloads/Bar drinks invoices 2026.1-6/2026.05 Tennet/5.22 1737.92 3679196_78173360.pdf,5.22 1737.92 3679196_78173360.pdf,2026.05,invoice,3679196,2026-05-22,2,T00048731,PEPSI MAX BIB 7LX1,All Business Units,,CS,1.0,51.88,51.88,20.0
/Users/xue/Downloads/Bar drinks invoices 2026.1-6/2026.06 Tennet/6.05 2098.32 3694425_78286129 (1).pdf,6.05 2098.32 3694425_78286129 (1).pdf,2026.06,invoice,3694425,2026-06-08,1,090425,T.LAGER 11G KEG,small container chg 70p incl,11G,EA,3.0,130.75,392.25,20.0
/Users/xue/Downloads/Bar drinks invoices 2026.1-6/2026.06 Tennet/6.05 2098.32 3694425_78286129 (1).pdf,6.05 2098.32 3694425_78286129 (1).pdf,2026.06,invoice,3694425,2026-06-08,1,400751,Menabrea 4.8% 50L Keg,,50L,EA,3.0,174.01,522.03,20.0
/Users/xue/Downloads/Bar drinks invoices 2026.1-6/2026.06 Tennet/6.05 2098.32 3694425_78286129 (1).pdf,6.05 2098.32 3694425_78286129 (1).pdf,2026.06,invoice,3694425,2026-06-08,1,KOP003,KOPPARB MIXED FRUIT 15X500 NRB,,,CS,2.0,24.99,49.98,20.0
/Users/xue/Downloads/Bar drinks invoices 2026.1-6/2026.06 Tennet/6.05 2098.32 3694425_78286129 (1).pdf,6.05 2098.32 3694425_78286129 (1).pdf,2026.06,invoice,3694425,2026-06-08,1,KOP008,KOPPARB STRAW/LIME 15X500 NRB,,,CS,1.0,24.99,24.99,20.0
/Users/xue/Downloads/Bar drinks invoices 2026.1-6/2026.06 Tennet/6.05 2098.32 3694425_78286129 (1).pdf,6.05 2098.32 3694425_78286129 (1).pdf,2026.06,invoice,3694425,2026-06-08,1,KRA001,KRAKEN SPICED DARK RUM 6X70CL,,,EA,1.0,20.49,20.49,20.0
/Users/xue/Downloads/Bar drinks invoices 2026.1-6/2026.06 Tennet/6.05 2098.32 3694425_78286129 (1).pdf,6.05 2098.32 3694425_78286129 (1).pdf,2026.06,invoice,3694425,2026-06-08,1,LIM009,BVC LIME CORDIAL 1LT x12,,,CS,1.0,20.53,20.53,20.0
/Users/xue/Downloads/Bar drinks invoices 2026.1-6/2026.06 Tennet/6.05 2098.32 3694425_78286129 (1).pdf,6.05 2098.32 3694425_78286129 (1).pdf,2026.06,invoice,3694425,2026-06-08,1,MAR009,MARTINI BIANCO 6X75CL,,,EA,1.0,11.95,11.95,20.0
/Users/xue/Downloads/Bar drinks invoices 2026.1-6/2026.06 Tennet/6.05 2098.32 3694425_78286129 (1).pdf,6.05 2098.32 3694425_78286129 (1).pdf,2026.06,invoice,3694425,2026-06-08,1,PAD005,PADDOCK CHARDONNAY 6X75CL,,,EA,10.0,5.11,51.1,20.0
/Users/xue/Downloads/Bar drinks invoices 2026.1-6/2026.06 Tennet/6.05 2098.32 3694425_78286129 (1).pdf,6.05 2098.32 3694425_78286129 (1).pdf,2026.06,invoice,3694425,2026-06-08,1,PAD006,PADDOCK SHIRAZ 75X6,,,EA,9.0,5.03,45.27,20.0
/Users/xue/Downloads/Bar drinks invoices 2026.1-6/2026.06 Tennet/6.05 2098.32 3694425_78286129 (1).pdf,6.05 2098.32 3694425_78286129 (1).pdf,2026.06,invoice,3694425,2026-06-08,1,SMIR03,Smirnoff - Red 6x70cl,,,EA,6.0,12.69,76.14,20.0
/Users/xue/Downloads/Bar drinks invoices 2026.1-6/2026.06 Tennet/6.05 2098.32 3694425_78286129 (1).pdf,6.05 2098.32 3694425_78286129 (1).pdf,2026.06,invoice,3694425,2026-06-08,1,T00031626,DA LUCA PROSECCO 20X24,SHARED ITEM,,CS,1.0,61.2,61.2,20.0
/Users/xue/Downloads/Bar drinks invoices 2026.1-6/2026.06 Tennet/6.05 2098.32 3694425_78286129 (1).pdf,6.05 2098.32 3694425_78286129 (1).pdf,2026.06,invoice,3694425,2026-06-08,1,T00035757,SANTA RITA 8KM MERLOT 75x6,SHARED ITEM,,EA,8.0,6.3,50.4,20.0
/Users/xue/Downloads/Bar drinks invoices 2026.1-6/2026.06 Tennet/6.05 2098.32 3694425_78286129 (1).pdf,6.05 2098.32 3694425_78286129 (1).pdf,2026.06,invoice,3694425,2026-06-08,1,T00037459,OS PULPO NZ SAUV BLANC 75X6,SHARED ITEM,,EA,6.0,8.59,51.54,20.0
/Users/xue/Downloads/Bar drinks invoices 2026.1-6/2026.06 Tennet/6.05 2098.32 3694425_78286129 (1).pdf,6.05 2098.32 3694425_78286129 (1).pdf,2026.06,invoice,3694425,2026-06-08,1,T00045890,MAGLIA ROSA PG 10.5% 75X12,SHARED ITEM,,EA,10.0,5.38,53.8,20.0
/Users/xue/Downloads/Bar drinks invoices 2026.1-6/2026.06 Tennet/6.05 2098.32 3694425_78286129 (1).pdf,6.05 2098.32 3694425_78286129 (1).pdf,2026.06,invoice,3694425,2026-06-08,2,T00046001,MAGLIA ROSA BLUSH 10.5% 75X12,SHARED ITEM,,EA,4.0,5.46,21.84,20.0
/Users/xue/Downloads/Bar drinks invoices 2026.1-6/2026.06 Tennet/6.05 2098.32 3694425_78286129 (1).pdf,6.05 2098.32 3694425_78286129 (1).pdf,2026.06,invoice,3694425,2026-06-08,2,T00046200,WHISP HILLS WHT ZINF 8% 75X6,SHARED ITEM,,EA,4.0,4.09,16.36,20.0
/Users/xue/Downloads/Bar drinks invoices 2026.1-6/2026.06 Tennet/6.05 2098.32 3694425_78286129 (1).pdf,6.05 2098.32 3694425_78286129 (1).pdf,2026.06,invoice,3694425,2026-06-08,2,T00046586,GORDONS PINK 35% 70X6,All Business Units,,EA,2.0,13.99,27.98,20.0
/Users/xue/Downloads/Bar drinks invoices 2026.1-6/2026.06 Tennet/6.05 2098.32 3694425_78286129 (1).pdf,6.05 2098.32 3694425_78286129 (1).pdf,2026.06,invoice,3694425,2026-06-08,2,T00046710,SANTA RITA 8KM SAUVB 12.5%75X6,MCW & BWL SHARED,,EA,10.0,6.3,63.0,20.0
/Users/xue/Downloads/Bar drinks invoices 2026.1-6/2026.06 Tennet/6.05 2098.32 3694425_78286129 (1).pdf,6.05 2098.32 3694425_78286129 (1).pdf,2026.06,invoice,3694425,2026-06-08,2,T00048728,R WHITES SUGAR FREE BIB 7LX1,All Business Units,,CS,1.0,42.94,42.94,20.0
/Users/xue/Downloads/Bar drinks invoices 2026.1-6/2026.06 Tennet/6.05 2098.32 3694425_78286129 (1).pdf,6.05 2098.32 3694425_78286129 (1).pdf,2026.06,invoice,3694425,2026-06-08,2,T00048731,PEPSI MAX BIB 7LX1,All Business Units,,CS,2.0,51.88,103.76,20.0
/Users/xue/Downloads/Bar drinks invoices 2026.1-6/2026.06 Tennet/6.05 2098.32 3694425_78286129 (1).pdf,6.05 2098.32 3694425_78286129 (1).pdf,2026.06,invoice,3694425,2026-06-08,2,TON004,BSD TONIC 200MLX24,,,CS,1.0,13.68,13.68,20.0
/Users/xue/Downloads/Bar drinks invoices 2026.1-6/2026.06 Tennet/6.05 2098.32 3694425_78286129 (1).pdf,6.05 2098.32 3694425_78286129 (1).pdf,2026.06,invoice,3694425,2026-06-08,2,TON005,BSD TONIC LOW CAL 200MLX24,,,CS,2.0,13.68,27.36,20.0
/Users/xue/Downloads/Bar drinks invoices 2026.1-6/2026.06 Tennet/6.12  2946.34 3698984_78324780.pdf,6.12  2946.34 3698984_78324780.pdf,2026.06,invoice,3698984,2026-06-12,1,090425,T.LAGER 11G KEG,small container chg 70p incl,11G,EA,2.0,130.75,261.5,20.0
/Users/xue/Downloads/Bar drinks invoices 2026.1-6/2026.06 Tennet/6.12  2946.34 3698984_78324780.pdf,6.12  2946.34 3698984_78324780.pdf,2026.06,invoice,3698984,2026-06-12,1,400522,O&G PROSECCO BRUT (FC) 6X75CL,,,CS,5.0,34.67,173.35,20.0
/Users/xue/Downloads/Bar drinks invoices 2026.1-6/2026.06 Tennet/6.12  2946.34 3698984_78324780.pdf,6.12  2946.34 3698984_78324780.pdf,2026.06,invoice,3698984,2026-06-12,1,400745,Caledonia Best 30L Keg,,30L,EA,2.0,55.45,110.9,20.0
/Users/xue/Downloads/Bar drinks invoices 2026.1-6/2026.06 Tennet/6.12  2946.34 3698984_78324780.pdf,6.12  2946.34 3698984_78324780.pdf,2026.06,invoice,3698984,2026-06-12,1,400751,Menabrea 4.8% 50L Keg,,50L,EA,2.0,174.01,348.02,20.0
/Users/xue/Downloads/Bar drinks invoices 2026.1-6/2026.06 Tennet/6.12  2946.34 3698984_78324780.pdf,6.12  2946.34 3698984_78324780.pdf,2026.06,invoice,3698984,2026-06-12,1,AMA001,AMARETTO 6X70CL,,,EA,1.0,16.99,16.99,20.0
/Users/xue/Downloads/Bar drinks invoices 2026.1-6/2026.06 Tennet/6.12  2946.34 3698984_78324780.pdf,6.12  2946.34 3698984_78324780.pdf,2026.06,invoice,3698984,2026-06-12,1,BAI001,BAILEYS IRISH CRM 70cl x6,,,EA,2.0,13.09,26.18,20.0
/Users/xue/Downloads/Bar drinks invoices 2026.1-6/2026.06 Tennet/6.12  2946.34 3698984_78324780.pdf,6.12  2946.34 3698984_78324780.pdf,2026.06,invoice,3698984,2026-06-12,1,BLAC06,J.W. BLACK LABEL 6X70CL,,,EA,1.0,25.94,25.94,20.0
/Users/xue/Downloads/Bar drinks invoices 2026.1-6/2026.06 Tennet/6.12  2946.34 3698984_78324780.pdf,6.12  2946.34 3698984_78324780.pdf,2026.06,invoice,3698984,2026-06-12,1,BOM001,BOMBAY SAPPHIRE GIN 70cl x6,,,EA,1.0,23.12,23.12,20.0
/Users/xue/Downloads/Bar drinks invoices 2026.1-6/2026.06 Tennet/6.12  2946.34 3698984_78324780.pdf,6.12  2946.34 3698984_78324780.pdf,2026.06,invoice,3698984,2026-06-12,1,CHI001,CHIVAS REGAL 12Y/O 6X70CL,,,EA,1.0,24.54,24.54,20.0
/Users/xue/Downloads/Bar drinks invoices 2026.1-6/2026.06 Tennet/6.12  2946.34 3698984_78324780.pdf,6.12  2946.34 3698984_78324780.pdf,2026.06,invoice,3698984,2026-06-12,1,FAN015,FANTA ORANGE ICON 24X330 NRB,,,CS,1.0,17.94,17.94,20.0
/Users/xue/Downloads/Bar drinks invoices 2026.1-6/2026.06 Tennet/6.12  2946.34 3698984_78324780.pdf,6.12  2946.34 3698984_78324780.pdf,2026.06,invoice,3698984,2026-06-12,1,GOR003,GORDONS GIN 70cl x 6,,,EA,2.0,12.99,25.98,20.0
/Users/xue/Downloads/Bar drinks invoices 2026.1-6/2026.06 Tennet/6.12  2946.34 3698984_78324780.pdf,6.12  2946.34 3698984_78324780.pdf,2026.06,invoice,3698984,2026-06-12,1,GRE004,GREY GOOSE VODKA 6X70CL,,,EA,1.0,32.1,32.1,20.0
/Users/xue/Downloads/Bar drinks invoices 2026.1-6/2026.06 Tennet/6.12  2946.34 3698984_78324780.pdf,6.12  2946.34 3698984_78324780.pdf,2026.06,invoice,3698984,2026-06-12,1,GUI003,Guinness Draught 30L Keg,,30L,EA,3.0,106.93,320.79,20.0
/Users/xue/Downloads/Bar drinks invoices 2026.1-6/2026.06 Tennet/6.12  2946.34 3698984_78324780.pdf,6.12  2946.34 3698984_78324780.pdf,2026.06,invoice,3698984,2026-06-12,1,HEN009,HENDRICKS GIN 6X70CL,,,EA,1.0,26.1,26.1,20.0
/Users/xue/Downloads/Bar drinks invoices 2026.1-6/2026.06 Tennet/6.12  2946.34 3698984_78324780.pdf,6.12  2946.34 3698984_78324780.pdf,2026.06,invoice,3698984,2026-06-12,1,IRN013,IRN BRU NRB 24 X 330ML NRB,,,CS,1.0,20.26,20.26,20.0
/Users/xue/Downloads/Bar drinks invoices 2026.1-6/2026.06 Tennet/6.12  2946.34 3698984_78324780.pdf,6.12  2946.34 3698984_78324780.pdf,2026.06,invoice,3698984,2026-06-12,1,JAC001,JACK DANIELS 70cl x6,,,EA,2.0,18.99,37.98,20.0
/Users/xue/Downloads/Bar drinks invoices 2026.1-6/2026.06 Tennet/6.12  2946.34 3698984_78324780.pdf,6.12  2946.34 3698984_78324780.pdf,2026.06,invoice,3698984,2026-06-12,1,JAM001,JAMESONS WHISKEY 70cl x6,,,EA,1.0,21.47,21.47,20.0
/Users/xue/Downloads/Bar drinks invoices 2026.1-6/2026.06 Tennet/6.12  2946.34 3698984_78324780.pdf,6.12  2946.34 3698984_78324780.pdf,2026.06,invoice,3698984,2026-06-12,1,KOP003,KOPPARB MIXED FRUIT 15X500 NRB,,,CS,1.0,24.99,24.99,20.0
/Users/xue/Downloads/Bar drinks invoices 2026.1-6/2026.06 Tennet/6.12  2946.34 3698984_78324780.pdf,6.12  2946.34 3698984_78324780.pdf,2026.06,invoice,3698984,2026-06-12,2,KOP008,KOPPARB STRAW/LIME 15X500 NRB,,,CS,1.0,24.99,24.99,20.0
/Users/xue/Downloads/Bar drinks invoices 2026.1-6/2026.06 Tennet/6.12  2946.34 3698984_78324780.pdf,6.12  2946.34 3698984_78324780.pdf,2026.06,invoice,3698984,2026-06-12,2,KRA001,KRAKEN SPICED DARK RUM 6X70CL,,,EA,1.0,20.49,20.49,20.0
/Users/xue/Downloads/Bar drinks invoices 2026.1-6/2026.06 Tennet/6.12  2946.34 3698984_78324780.pdf,6.12  2946.34 3698984_78324780.pdf,2026.06,invoice,3698984,2026-06-12,2,PAD005,PADDOCK CHARDONNAY 6X75CL,,,EA,20.0,5.11,102.2,20.0
/Users/xue/Downloads/Bar drinks invoices 2026.1-6/2026.06 Tennet/6.12  2946.34 3698984_78324780.pdf,6.12  2946.34 3698984_78324780.pdf,2026.06,invoice,3698984,2026-06-12,2,PAD006,PADDOCK SHIRAZ 75X6,,,EA,20.0,5.03,100.6,20.0
/Users/xue/Downloads/Bar drinks invoices 2026.1-6/2026.06 Tennet/6.12  2946.34 3698984_78324780.pdf,6.12  2946.34 3698984_78324780.pdf,2026.06,invoice,3698984,2026-06-12,2,RED002,J.W. RED LABEL 6X70CL,,,EA,1.0,18.66,18.66,20.0
/Users/xue/Downloads/Bar drinks invoices 2026.1-6/2026.06 Tennet/6.12  2946.34 3698984_78324780.pdf,6.12  2946.34 3698984_78324780.pdf,2026.06,invoice,3698984,2026-06-12,2,SEV006,7 UP FREE 24X330ML NRB,SHARED ITEM,,CS,1.0,18.05,18.05,20.0
/Users/xue/Downloads/Bar drinks invoices 2026.1-6/2026.06 Tennet/6.12  2946.34 3698984_78324780.pdf,6.12  2946.34 3698984_78324780.pdf,2026.06,invoice,3698984,2026-06-12,2,SMIR03,Smirnoff - Red 6x70cl,,,EA,6.0,12.69,76.14,20.0
/Users/xue/Downloads/Bar drinks invoices 2026.1-6/2026.06 Tennet/6.12  2946.34 3698984_78324780.pdf,6.12  2946.34 3698984_78324780.pdf,2026.06,invoice,3698984,2026-06-12,2,SPI001,CAPT MORGAN SPICED RUM 70cl x6,,,EA,1.0,12.99,12.99,20.0
/Users/xue/Downloads/Bar drinks invoices 2026.1-6/2026.06 Tennet/6.12  2946.34 3698984_78324780.pdf,6.12  2946.34 3698984_78324780.pdf,2026.06,invoice,3698984,2026-06-12,2,T00035757,SANTA RITA 8KM MERLOT 75x6,SHARED ITEM,,EA,11.0,6.3,69.3,20.0
/Users/xue/Downloads/Bar drinks invoices 2026.1-6/2026.06 Tennet/6.12  2946.34 3698984_78324780.pdf,6.12  2946.34 3698984_78324780.pdf,2026.06,invoice,3698984,2026-06-12,2,T00035765,ALMA MORA RESERVE MALBEC 75X6,SHARED ITEM,,EA,7.0,8.04,56.28,20.0
/Users/xue/Downloads/Bar drinks invoices 2026.1-6/2026.06 Tennet/6.12  2946.34 3698984_78324780.pdf,6.12  2946.34 3698984_78324780.pdf,2026.06,invoice,3698984,2026-06-12,2,T00037459,OS PULPO NZ SAUV BLANC 75X6,SHARED ITEM,,EA,10.0,8.59,85.9,20.0
/Users/xue/Downloads/Bar drinks invoices 2026.1-6/2026.06 Tennet/6.12  2946.34 3698984_78324780.pdf,6.12  2946.34 3698984_78324780.pdf,2026.06,invoice,3698984,2026-06-12,2,T00044132,TANQUERAY LONDN DRY 41.3% 70X6,ALL BUSINESS UNITS,,EA,1.0,17.21,17.21,20.0
/Users/xue/Downloads/Bar drinks invoices 2026.1-6/2026.06 Tennet/6.12  2946.34 3698984_78324780.pdf,6.12  2946.34 3698984_78324780.pdf,2026.06,invoice,3698984,2026-06-12,2,T00045153,MALIBU 70x6,SHARED SKU,,EA,1.0,10.99,10.99,20.0
/Users/xue/Downloads/Bar drinks invoices 2026.1-6/2026.06 Tennet/6.12  2946.34 3698984_78324780.pdf,6.12  2946.34 3698984_78324780.pdf,2026.06,invoice,3698984,2026-06-12,3,T00045890,MAGLIA ROSA PG 10.5% 75X12,SHARED ITEM,,EA,10.0,5.38,53.8,20.0
/Users/xue/Downloads/Bar drinks invoices 2026.1-6/2026.06 Tennet/6.12  2946.34 3698984_78324780.pdf,6.12  2946.34 3698984_78324780.pdf,2026.06,invoice,3698984,2026-06-12,3,T00046200,WHISP HILLS WHT ZINF 8% 75X6,SHARED ITEM,,EA,6.0,4.09,24.54,20.0
/Users/xue/Downloads/Bar drinks invoices 2026.1-6/2026.06 Tennet/6.12  2946.34 3698984_78324780.pdf,6.12  2946.34 3698984_78324780.pdf,2026.06,invoice,3698984,2026-06-12,3,T00046586,GORDONS PINK 35% 70X6,All Business Units,,EA,2.0,13.99,27.98,20.0
/Users/xue/Downloads/Bar drinks invoices 2026.1-6/2026.06 Tennet/6.12  2946.34 3698984_78324780.pdf,6.12  2946.34 3698984_78324780.pdf,2026.06,invoice,3698984,2026-06-12,3,T00046710,SANTA RITA 8KM SAUVB 12.5%75X6,MCW & BWL SHARED,,EA,12.0,6.3,75.6,20.0
/Users/xue/Downloads/Bar drinks invoices 2026.1-6/2026.06 Tennet/6.12  2946.34 3698984_78324780.pdf,6.12  2946.34 3698984_78324780.pdf,2026.06,invoice,3698984,2026-06-12,3,T00046734,PEPSI NRB 200x24,,,CS,1.0,13.44,13.44,20.0
/Users/xue/Downloads/Bar drinks invoices 2026.1-6/2026.06 Tennet/6.12  2946.34 3698984_78324780.pdf,6.12  2946.34 3698984_78324780.pdf,2026.06,invoice,3698984,2026-06-12,3,T00047689,FAMOUS GROUSE WHISKY 70X6,ALL BUSINESS UNITS,,EA,2.0,12.99,25.98,20.0
/Users/xue/Downloads/Bar drinks invoices 2026.1-6/2026.06 Tennet/6.12  2946.34 3698984_78324780.pdf,6.12  2946.34 3698984_78324780.pdf,2026.06,invoice,3698984,2026-06-12,3,T00048731,PEPSI MAX BIB 7LX1,All Business Units,,CS,1.0,51.88,51.88,20.0
/Users/xue/Downloads/Bar drinks invoices 2026.1-6/2026.06 Tennet/6.12  2946.34 3698984_78324780.pdf,6.12  2946.34 3698984_78324780.pdf,2026.06,invoice,3698984,2026-06-12,3,TIA001,TIA MARIA 20% 70cl x6,,,EA,1.0,16.4,16.4,20.0
/Users/xue/Downloads/Bar drinks invoices 2026.1-6/2026.06 Tennet/6.12  2946.34 3698984_78324780.pdf,6.12  2946.34 3698984_78324780.pdf,2026.06,invoice,3698984,2026-06-12,3,TON004,BSD TONIC 200MLX24,,,CS,1.0,13.68,13.68,20.0
/Users/xue/Downloads/Bar drinks invoices 2026.1-6/2026.06 Tennet/6.19 1476.07 3704017_78369206.pdf,6.19 1476.07 3704017_78369206.pdf,2026.06,invoice,3704017,2026-06-19,1,400522,O&G PROSECCO BRUT (FC) 6X75CL,,,CS,1.0,34.67,34.67,20.0
/Users/xue/Downloads/Bar drinks invoices 2026.1-6/2026.06 Tennet/6.19 1476.07 3704017_78369206.pdf,6.19 1476.07 3704017_78369206.pdf,2026.06,invoice,3704017,2026-06-19,1,400745,Caledonia Best 30L Keg,,30L,EA,1.0,55.45,55.45,20.0
/Users/xue/Downloads/Bar drinks invoices 2026.1-6/2026.06 Tennet/6.19 1476.07 3704017_78369206.pdf,6.19 1476.07 3704017_78369206.pdf,2026.06,invoice,3704017,2026-06-19,1,400751,Menabrea 4.8% 50L Keg,,50L,EA,1.0,174.01,174.01,20.0
/Users/xue/Downloads/Bar drinks invoices 2026.1-6/2026.06 Tennet/6.19 1476.07 3704017_78369206.pdf,6.19 1476.07 3704017_78369206.pdf,2026.06,invoice,3704017,2026-06-19,1,80000672,Menabrea Bionda 0% 24x330ml,,,CS,1.0,22.71,22.71,20.0
/Users/xue/Downloads/Bar drinks invoices 2026.1-6/2026.06 Tennet/6.19 1476.07 3704017_78369206.pdf,6.19 1476.07 3704017_78369206.pdf,2026.06,invoice,3704017,2026-06-19,1,AMA001,AMARETTO 6X70CL,,,EA,1.0,16.99,16.99,20.0
/Users/xue/Downloads/Bar drinks invoices 2026.1-6/2026.06 Tennet/6.19 1476.07 3704017_78369206.pdf,6.19 1476.07 3704017_78369206.pdf,2026.06,invoice,3704017,2026-06-19,1,GLE001,GLENFIDDICH MALT WHKY 70cl x6,,,EA,2.0,26.99,53.98,20.0
/Users/xue/Downloads/Bar drinks invoices 2026.1-6/2026.06 Tennet/6.19 1476.07 3704017_78369206.pdf,6.19 1476.07 3704017_78369206.pdf,2026.06,invoice,3704017,2026-06-19,1,GUI003,Guinness Draught 30L Keg,,30L,EA,1.0,106.93,106.93,20.0
/Users/xue/Downloads/Bar drinks invoices 2026.1-6/2026.06 Tennet/6.19 1476.07 3704017_78369206.pdf,6.19 1476.07 3704017_78369206.pdf,2026.06,invoice,3704017,2026-06-19,1,KOP018,KOPPARB S/LIME ALC FREE 8X500,,,CS,3.0,11.37,34.11,20.0
/Users/xue/Downloads/Bar drinks invoices 2026.1-6/2026.06 Tennet/6.19 1476.07 3704017_78369206.pdf,6.19 1476.07 3704017_78369206.pdf,2026.06,invoice,3704017,2026-06-19,1,PAD005,PADDOCK CHARDONNAY 6X75CL,,,EA,20.0,5.11,102.2,20.0
/Users/xue/Downloads/Bar drinks invoices 2026.1-6/2026.06 Tennet/6.19 1476.07 3704017_78369206.pdf,6.19 1476.07 3704017_78369206.pdf,2026.06,invoice,3704017,2026-06-19,1,PAD006,PADDOCK SHIRAZ 75X6,,,EA,10.0,5.03,50.3,20.0
/Users/xue/Downloads/Bar drinks invoices 2026.1-6/2026.06 Tennet/6.19 1476.07 3704017_78369206.pdf,6.19 1476.07 3704017_78369206.pdf,2026.06,invoice,3704017,2026-06-19,1,SMI010,SMIR RED ICE 24X275ML NRB,,,CS,1.0,22.49,22.49,20.0
/Users/xue/Downloads/Bar drinks invoices 2026.1-6/2026.06 Tennet/6.19 1476.07 3704017_78369206.pdf,6.19 1476.07 3704017_78369206.pdf,2026.06,invoice,3704017,2026-06-19,1,SOU008,APPLE SOURZ 70cl x6,,,EA,1.0,8.77,8.77,20.0
/Users/xue/Downloads/Bar drinks invoices 2026.1-6/2026.06 Tennet/6.19 1476.07 3704017_78369206.pdf,6.19 1476.07 3704017_78369206.pdf,2026.06,invoice,3704017,2026-06-19,1,SOU012,SOURZ CHERRY 70cl x6,,,EA,1.0,8.77,8.77,20.0
/Users/xue/Downloads/Bar drinks invoices 2026.1-6/2026.06 Tennet/6.19 1476.07 3704017_78369206.pdf,6.19 1476.07 3704017_78369206.pdf,2026.06,invoice,3704017,2026-06-19,1,SOU016,SOURZ RASPBERRY 70cl x6,,,EA,1.0,8.77,8.77,20.0
/Users/xue/Downloads/Bar drinks invoices 2026.1-6/2026.06 Tennet/6.19 1476.07 3704017_78369206.pdf,6.19 1476.07 3704017_78369206.pdf,2026.06,invoice,3704017,2026-06-19,1,T00029357,DA LUCA PROSECCO 75X6,SHARED ITEM,,EA,3.0,7.86,23.58,20.0
/Users/xue/Downloads/Bar drinks invoices 2026.1-6/2026.06 Tennet/6.19 1476.07 3704017_78369206.pdf,6.19 1476.07 3704017_78369206.pdf,2026.06,invoice,3704017,2026-06-19,1,T00041945,EL CUYO MALBEC 75X6,SHARED SKU,,EA,11.0,6.48,71.28,20.0
/Users/xue/Downloads/Bar drinks invoices 2026.1-6/2026.06 Tennet/6.19 1476.07 3704017_78369206.pdf,6.19 1476.07 3704017_78369206.pdf,2026.06,invoice,3704017,2026-06-19,2,T00044659,WKD BLUE VODKA PET 275X24,All Business Units,,CS,1.0,25.16,25.16,20.0
/Users/xue/Downloads/Bar drinks invoices 2026.1-6/2026.06 Tennet/6.19 1476.07 3704017_78369206.pdf,6.19 1476.07 3704017_78369206.pdf,2026.06,invoice,3704017,2026-06-19,2,T00045363,BRITVIC DISPENSE RASPBY 5CLX1,Shared Sku,,EA,1.0,45.0,45.0,20.0
/Users/xue/Downloads/Bar drinks invoices 2026.1-6/2026.06 Tennet/6.19 1476.07 3704017_78369206.pdf,6.19 1476.07 3704017_78369206.pdf,2026.06,invoice,3704017,2026-06-19,2,T00045365,BRITVIC HALO LEMON 5CLX1,Shared Sku,,EA,1.0,45.0,45.0,20.0
/Users/xue/Downloads/Bar drinks invoices 2026.1-6/2026.06 Tennet/6.19 1476.07 3704017_78369206.pdf,6.19 1476.07 3704017_78369206.pdf,2026.06,invoice,3704017,2026-06-19,2,T00045890,MAGLIA ROSA PG 10.5% 75X12,SHARED ITEM,,EA,4.0,5.38,21.52,20.0
/Users/xue/Downloads/Bar drinks invoices 2026.1-6/2026.06 Tennet/6.19 1476.07 3704017_78369206.pdf,6.19 1476.07 3704017_78369206.pdf,2026.06,invoice,3704017,2026-06-19,2,T00046586,GORDONS PINK 35% 70X6,All Business Units,,EA,2.0,13.99,27.98,20.0
/Users/xue/Downloads/Bar drinks invoices 2026.1-6/2026.06 Tennet/6.19 1476.07 3704017_78369206.pdf,6.19 1476.07 3704017_78369206.pdf,2026.06,invoice,3704017,2026-06-19,2,T00046710,SANTA RITA 8KM SAUVB 12.5%75X6,MCW & BWL SHARED,,EA,5.0,6.3,31.5,20.0
/Users/xue/Downloads/Bar drinks invoices 2026.1-6/2026.06 Tennet/6.19 1476.07 3704017_78369206.pdf,6.19 1476.07 3704017_78369206.pdf,2026.06,invoice,3704017,2026-06-19,2,T00046734,PEPSI NRB 200x24,,,CS,1.0,13.44,13.44,20.0
/Users/xue/Downloads/Bar drinks invoices 2026.1-6/2026.06 Tennet/6.19 1476.07 3704017_78369206.pdf,6.19 1476.07 3704017_78369206.pdf,2026.06,invoice,3704017,2026-06-19,2,T00048727,DIET PEPSI BIB 7LX1,All Business Units,,CS,2.0,51.88,103.76,20.0
/Users/xue/Downloads/Bar drinks invoices 2026.1-6/2026.06 Tennet/6.19 1476.07 3704017_78369206.pdf,6.19 1476.07 3704017_78369206.pdf,2026.06,invoice,3704017,2026-06-19,2,T00048728,R WHITES SUGAR FREE BIB 7LX1,All Business Units,,CS,1.0,42.94,42.94,20.0
/Users/xue/Downloads/Bar drinks invoices 2026.1-6/2026.06 Tennet/6.19 1476.07 3704017_78369206.pdf,6.19 1476.07 3704017_78369206.pdf,2026.06,invoice,3704017,2026-06-19,2,T00048731,PEPSI MAX BIB 7LX1,All Business Units,,CS,1.0,51.88,51.88,20.0
/Users/xue/Downloads/Bar drinks invoices 2026.1-6/2026.06 Tennet/6.19 1476.07 3704017_78369206.pdf,6.19 1476.07 3704017_78369206.pdf,2026.06,invoice,3704017,2026-06-19,2,TON004,BSD TONIC 200MLX24,,,CS,1.0,13.68,13.68,20.0
/Users/xue/Downloads/Bar drinks invoices 2026.1-6/2026.06 Tennet/6.19 1476.07 3704017_78369206.pdf,6.19 1476.07 3704017_78369206.pdf,2026.06,invoice,3704017,2026-06-19,2,TON005,BSD TONIC LOW CAL 200MLX24,,,CS,1.0,13.68,13.68,20.0
/Users/xue/Downloads/Bar drinks invoices 2026.1-6/2026.06 Tennet/6.26  1622.84 3708593 _78414264.pdf,6.26  1622.84 3708593 _78414264.pdf,2026.06,invoice,3708593,2026-06-26,1,400522,O&G PROSECCO BRUT (FC) 6X75CL,,,CS,4.0,34.67,138.68,20.0
/Users/xue/Downloads/Bar drinks invoices 2026.1-6/2026.06 Tennet/6.26  1622.84 3708593 _78414264.pdf,6.26  1622.84 3708593 _78414264.pdf,2026.06,invoice,3708593,2026-06-26,1,400751,Menabrea 4.8% 50L Keg,,50L,EA,2.0,174.01,348.02,20.0
/Users/xue/Downloads/Bar drinks invoices 2026.1-6/2026.06 Tennet/6.26  1622.84 3708593 _78414264.pdf,6.26  1622.84 3708593 _78414264.pdf,2026.06,invoice,3708593,2026-06-26,1,COR008,Corona Beer 24x330ml NRB ABI,,,CS,2.0,22.89,45.78,20.0
/Users/xue/Downloads/Bar drinks invoices 2026.1-6/2026.06 Tennet/6.26  1622.84 3708593 _78414264.pdf,6.26  1622.84 3708593 _78414264.pdf,2026.06,invoice,3708593,2026-06-26,1,FAN015,FANTA ORANGE ICON 24X330 NRB,,,CS,1.0,17.94,17.94,20.0
/Users/xue/Downloads/Bar drinks invoices 2026.1-6/2026.06 Tennet/6.26  1622.84 3708593 _78414264.pdf,6.26  1622.84 3708593 _78414264.pdf,2026.06,invoice,3708593,2026-06-26,1,GUI003,Guinness Draught 30L Keg,,30L,EA,2.0,106.93,213.86,20.0
/Users/xue/Downloads/Bar drinks invoices 2026.1-6/2026.06 Tennet/6.26  1622.84 3708593 _78414264.pdf,6.26  1622.84 3708593 _78414264.pdf,2026.06,invoice,3708593,2026-06-26,1,J2O001,BVC J20 APP+MANGO 24X275ML NRB,,,CS,1.0,21.33,21.33,20.0
/Users/xue/Downloads/Bar drinks invoices 2026.1-6/2026.06 Tennet/6.26  1622.84 3708593 _78414264.pdf,6.26  1622.84 3708593 _78414264.pdf,2026.06,invoice,3708593,2026-06-26,1,J2O003,BVC J20 ORA+PASS 24X275ML NRB,,,CS,1.0,21.15,21.15,20.0
/Users/xue/Downloads/Bar drinks invoices 2026.1-6/2026.06 Tennet/6.26  1622.84 3708593 _78414264.pdf,6.26  1622.84 3708593 _78414264.pdf,2026.06,invoice,3708593,2026-06-26,1,J2O005,BVC J20 APPL&RASP 24X275ML NRB,,,CS,1.0,21.33,21.33,20.0
/Users/xue/Downloads/Bar drinks invoices 2026.1-6/2026.06 Tennet/6.26  1622.84 3708593 _78414264.pdf,6.26  1622.84 3708593 _78414264.pdf,2026.06,invoice,3708593,2026-06-26,1,KOP018,KOPPARB S/LIME ALC FREE 8X500,,,CS,2.0,11.37,22.74,20.0
/Users/xue/Downloads/Bar drinks invoices 2026.1-6/2026.06 Tennet/6.26  1622.84 3708593 _78414264.pdf,6.26  1622.84 3708593 _78414264.pdf,2026.06,invoice,3708593,2026-06-26,1,KRA001,KRAKEN SPICED DARK RUM 6X70CL,,,EA,1.0,20.49,20.49,20.0
/Users/xue/Downloads/Bar drinks invoices 2026.1-6/2026.06 Tennet/6.26  1622.84 3708593 _78414264.pdf,6.26  1622.84 3708593 _78414264.pdf,2026.06,invoice,3708593,2026-06-26,1,LIM009,BVC LIME CORDIAL 1LT x12,,,CS,1.0,20.53,20.53,20.0
/Users/xue/Downloads/Bar drinks invoices 2026.1-6/2026.06 Tennet/6.26  1622.84 3708593 _78414264.pdf,6.26  1622.84 3708593 _78414264.pdf,2026.06,invoice,3708593,2026-06-26,1,PEP031,DIET PEPSI NRB 24 X 330ML NRB,,,CS,4.0,15.68,62.72,20.0
/Users/xue/Downloads/Bar drinks invoices 2026.1-6/2026.06 Tennet/6.26  1622.84 3708593 _78414264.pdf,6.26  1622.84 3708593 _78414264.pdf,2026.06,invoice,3708593,2026-06-26,1,RED009,RED BULL CAN 24 X 250ML CAN,,,CS,1.0,27.95,27.95,20.0
/Users/xue/Downloads/Bar drinks invoices 2026.1-6/2026.06 Tennet/6.26  1622.84 3708593 _78414264.pdf,6.26  1622.84 3708593 _78414264.pdf,2026.06,invoice,3708593,2026-06-26,1,SPI001,CAPT MORGAN SPICED RUM 70cl x6,,,EA,2.0,12.99,25.98,20.0
/Users/xue/Downloads/Bar drinks invoices 2026.1-6/2026.06 Tennet/6.26  1622.84 3708593 _78414264.pdf,6.26  1622.84 3708593 _78414264.pdf,2026.06,invoice,3708593,2026-06-26,1,T00029357,DA LUCA PROSECCO 75X6,SHARED ITEM,,EA,10.0,7.86,78.6,20.0
/Users/xue/Downloads/Bar drinks invoices 2026.1-6/2026.06 Tennet/6.26  1622.84 3708593 _78414264.pdf,6.26  1622.84 3708593 _78414264.pdf,2026.06,invoice,3708593,2026-06-26,1,T00031626,DA LUCA PROSECCO 20X24,SHARED ITEM,,CS,1.0,61.2,61.2,20.0
/Users/xue/Downloads/Bar drinks invoices 2026.1-6/2026.06 Tennet/6.26  1622.84 3708593 _78414264.pdf,6.26  1622.84 3708593 _78414264.pdf,2026.06,invoice,3708593,2026-06-26,2,T00032446,PEPSI MAX 200X24,SHARED ITEM,,CS,2.0,10.76,21.52,20.0
/Users/xue/Downloads/Bar drinks invoices 2026.1-6/2026.06 Tennet/6.26  1622.84 3708593 _78414264.pdf,6.26  1622.84 3708593 _78414264.pdf,2026.06,invoice,3708593,2026-06-26,2,T00041945,EL CUYO MALBEC 75X6,SHARED SKU,,EA,6.0,6.48,38.88,20.0
/Users/xue/Downloads/Bar drinks invoices 2026.1-6/2026.06 Tennet/6.26  1622.84 3708593 _78414264.pdf,6.26  1622.84 3708593 _78414264.pdf,2026.06,invoice,3708593,2026-06-26,2,T00045890,MAGLIA ROSA PG 10.5% 75X12,SHARED ITEM,,EA,12.0,5.38,64.56,20.0
/Users/xue/Downloads/Bar drinks invoices 2026.1-6/2026.06 Tennet/6.26  1622.84 3708593 _78414264.pdf,6.26  1622.84 3708593 _78414264.pdf,2026.06,invoice,3708593,2026-06-26,2,T00046200,WHISP HILLS WHT ZINF 8% 75X6,SHARED ITEM,,EA,10.0,4.09,40.9,20.0
/Users/xue/Downloads/Bar drinks invoices 2026.1-6/2026.06 Tennet/6.26  1622.84 3708593 _78414264.pdf,6.26  1622.84 3708593 _78414264.pdf,2026.06,invoice,3708593,2026-06-26,2,T00046710,SANTA RITA 8KM SAUVB 12.5%75X6,MCW & BWL SHARED,,EA,4.0,6.3,25.2,20.0
/Users/xue/Downloads/Bar drinks invoices 2026.1-6/2026.06 Tennet/6.26  1622.84 3708593 _78414264.pdf,6.26  1622.84 3708593 _78414264.pdf,2026.06,invoice,3708593,2026-06-26,2,T00047689,FAMOUS GROUSE WHISKY 70X6,ALL BUSINESS UNITS,,EA,1.0,12.99,12.99,20.0
